ann;mes;dia;hora;VelViento;DirViento;Temp;Humedad;Lluvia;RadSolar
2014;1;1;0;0.5;159.5;24;69.4;0;0
2014;1;1;1;0.3;200.9;23.7;72.2;0;0
2014;1;1;2;0.2;296.4;23.3;76.4;0;0
2014;1;1;3;0.4;338.9;22.6;81;0;0
2014;1;1;4;0.8;59.6;22.5;79.9;0;0
2014;1;1;5;0.5;61.3;22.5;80;0;0
2014;1;1;6;0.2;203.4;22.6;78.5;0;0
2014;1;1;7;0.4;91.5;22.7;78.8;0;8.8
2014;1;1;8;0.1;354.4;22.7;79.9;0;104.1
2014;1;1;9;0.7;92.5;24.5;70.8;0;204.8
2014;1;1;10;0.5;79.3;24.2;73.4;0;166.7
2014;1;1;11;0.5;143.9;26.2;62.1;0;561.7
2014;1;1;12;0.9;104.4;28.2;54.7;0;638.8
2014;1;1;13;1.1;56.6;28.5;54.1;0;409.1
2014;1;1;14;0.5;122.9;29.2;50.9;0;489.1
2014;1;1;15;4;178;29.4;46.8;0;621.7
2014;1;1;16;3.2;187.5;29.3;46.1;0;474.3
2014;1;1;17;3;188.9;28.7;47.7;0;248.9
2014;1;1;18;2.6;182.8;27.1;51.4;0;29.8
2014;1;1;19;2.6;173.5;26.5;54.1;0;0
2014;1;1;20;2.4;180.5;25.9;57.2;0;0
2014;1;1;21;2.4;154.9;24.9;65.1;0;0
2014;1;1;22;2.2;160;24.5;63.8;0;0
2014;1;1;23;1.5;153.1;23.8;69.7;0;0
2014;1;2;0;0.3;73.8;23.3;73.2;0;0
2014;1;2;1;0.3;305;22.6;77.9;0;0
2014;1;2;2;0.4;38.3;21.8;81.1;0;0
2014;1;2;3;0.2;136.4;21.9;80.4;0;0
2014;1;2;4;0.3;53.1;22;79.2;0;0
2014;1;2;5;0.8;79.6;21.6;80.9;0;0
2014;1;2;6;0.3;230.1;21.4;80.2;0;0
2014;1;2;7;0.9;161.3;21.8;76.6;0;28.2
2014;1;2;8;0.9;171.4;22.8;70.6;0;163.1
2014;1;2;9;0.7;142.9;24.6;68.3;0;442.6
2014;1;2;10;1.8;130.8;26.5;61.5;0;699.1
2014;1;2;11;1.1;118;27.2;57.7;0;709.1
2014;1;2;12;0.3;133.6;27.7;55.6;0;528
2014;1;2;13;1;106.8;28.9;50.2;0;543.6
2014;1;2;14;0.4;115.1;30.2;45.2;0;670.3
2014;1;2;15;0.3;140.4;30.7;43.5;0;565.7
2014;1;2;16;1.7;173.5;31.2;41.8;0;526.4
2014;1;2;17;4.4;174.4;29.2;47.3;0;286.5
2014;1;2;18;4.8;173.1;27.1;53.2;0;59.6
2014;1;2;19;3.7;181.6;26.2;56.1;0;0
2014;1;2;20;4.2;175.4;25.5;59.2;0;0
2014;1;2;21;1.3;176.9;25.6;58.4;0;0
2014;1;2;22;1.8;137.5;25.1;63.1;0;0
2014;1;2;23;2.5;152.9;24.7;64;0;0
2014;1;3;0;1.9;156.6;24.6;63.3;0;0
2014;1;3;1;1.5;155.6;24.5;64;0;0
2014;1;3;2;1.5;143.3;23.5;72.8;0;0
2014;1;3;3;0.5;94.8;23.1;76.6;0;0
2014;1;3;4;0.8;89.5;22.2;81.1;0;0
2014;1;3;5;0.3;92;22.2;81.2;0;0
2014;1;3;6;0.4;239.7;22.5;79;0;0
2014;1;3;7;0.7;66.9;22.4;78.9;0;18
2014;1;3;8;1;134.1;22.6;78.8;0;77.2
2014;1;3;9;0.4;124.3;23.6;74.7;0;210.7
2014;1;3;10;0.4;88.4;25;67.4;0;295.6
2014;1;3;11;1.1;90.4;26.9;59.8;0;606.6
2014;1;3;12;1.2;91.4;28;54.3;0;435.3
2014;1;3;13;0.8;67.8;28.7;51.2;0;574.1
2014;1;3;14;1.1;168.6;29.7;47.8;0;568.1
2014;1;3;15;2.8;171.1;30.5;44.1;0;775.4
2014;1;3;16;2.9;172.2;30.4;44.5;0;462
2014;1;3;17;3.6;175.9;29.2;47.9;0;235.7
2014;1;3;18;3.6;174.3;27.5;52.1;0;32.1
2014;1;3;19;3.9;173.5;26.5;54.2;0;0
2014;1;3;20;3.3;177.2;26.2;55.3;0;0
2014;1;3;21;2.6;184.1;25.8;56.9;0;0
2014;1;3;22;1.1;164.7;25.5;59.1;0;0
2014;1;3;23;1.2;138.1;24.4;66;0;0
2014;1;4;0;1;142.3;23.8;70.3;0;0
2014;1;4;1;0.8;145.7;23.3;71.8;0;0
2014;1;4;2;0.9;136.2;23.1;72.6;0;0
2014;1;4;3;0.1;22.6;22.6;75;0;0
2014;1;4;4;0.5;94.9;22.8;74.9;0;0
2014;1;4;5;0.6;47.6;22.3;77.4;0;0
2014;1;4;6;0.4;161.9;22.3;76.6;0;0
2014;1;4;7;0.2;165.3;22.5;73.2;0;7.7
2014;1;4;8;0.9;157.8;23.4;70.4;0;196.2
2014;1;4;9;1;114.7;25.6;63.6;0;378.3
2014;1;4;10;0.9;88;26.6;60.4;0;467.6
2014;1;4;11;1.1;95;26.9;58.8;0;375.7
2014;1;4;12;1;54.7;28.3;54;0;515.3
2014;1;4;13;1;72.2;29.2;51.4;0;542.7
2014;1;4;14;0.3;15.4;30.6;47.9;0;787.4
2014;1;4;17;4.1;179.3;29.7;47.6;0;285.5
2014;1;4;18;4.3;170.4;27.8;52.5;0;34.6
2014;1;4;19;4.7;173.1;26.9;55.2;0;0
2014;1;4;20;3.9;174.5;26.5;56.6;0;0
2014;1;4;21;1.9;192.6;26.4;56.7;0;0
2014;1;4;22;0.7;110.5;25.8;61.6;0;0
2014;1;4;23;2;154.3;25.5;63.3;0;0
2014;1;5;0;0.5;74.2;24.6;68.6;0;0
2014;1;5;1;0.2;112.15;23.9;70.4;0;0
2014;1;5;2;1.7;150.1;24.3;69.7;0;0
2014;1;5;3;1.5;146.3;23.7;73.3;0;0
2014;1;5;4;1;123.7;23.1;75.8;0;0
2014;1;5;5;0.4;94.3;22.8;77.8;0;0
2014;1;5;6;0.5;91.9;22.8;76.9;0;0
2014;1;5;7;1;139.4;22.5;79.9;0;15.5
2014;1;5;8;0.4;151;23.2;77;0;99.5
2014;1;5;9;1.2;136;24.2;71.8;0;172.1
2014;1;5;10;1.2;138.7;26;64.6;0;591.7
2014;1;5;11;1.4;135.6;28;57.1;0;774.9
2014;1;5;12;0.7;109.6;28.2;55.5;0;279.8
2014;1;5;13;0.8;130.3;28.8;53.1;0;671.1
2014;1;5;14;0.4;182.4;29.9;48.4;0;374.1
2014;1;5;15;1.4;81.4;29.3;50.6;0;176.5
2014;1;5;16;3.4;176.1;29.6;47.7;0;386.9
2014;1;5;17;3.7;173.3;27.6;51.9;0;48
2014;1;5;18;3.8;176.5;26.9;54.3;0;17.4
2014;1;5;19;2.1;173.1;26.7;55.8;0;0
2014;1;5;20;1.1;109.6;25.8;63.5;0;0
2014;1;5;21;0.7;161.3;25.5;63.1;0;0
2014;1;5;22;2.1;161.3;25.5;62.3;0;0
2014;1;5;23;2.1;158;24;73.5;0;0
2014;1;6;0;2.2;157.8;22.8;81.5;21.08;0
2014;1;6;1;0.7;157.7;21.4;91.7;10.41;0
2014;1;6;2;0.7;137.3;21.7;90.4;1.27;0
2014;1;6;3;0.4;157.7;21.7;91.5;0;0
2014;1;6;4;1.3;149.1;21.5;91.8;0.51;0
2014;1;6;5;1.6;150.7;21.1;93.2;2.29;0
2014;1;6;6;0.9;146.4;20.9;93.6;2.29;0
2014;1;6;7;1;150.2;20.6;92.6;0.25;7.4
2014;1;6;8;0.6;103.8;20.5;91.8;0.25;44.7
2014;1;6;9;1.1;91.7;20.9;90.9;0;132.1
2014;1;6;10;1.6;144.7;21;89;0;131.6
2014;1;6;11;0.7;56.9;22;85.8;0.25;383.7
2014;1;6;12;0.7;199.8;24;72.8;0;580.3
2014;1;6;13;0.5;97.4;26.3;61.6;0;738.9
2014;1;6;14;1;92.2;27.9;57.3;0;767.5
2014;1;6;15;1;88.1;27.8;57.4;0;231.4
2014;1;6;16;2.7;181.7;24.4;70.4;32;22.9
2014;1;6;17;0.9;235.2;19.3;99.2;30.23;67.6
2014;1;6;18;0.6;305.7;20.8;97.4;0.25;28.9
2014;1;6;19;2;28.5;21.2;91;0.25;0
2014;1;6;20;1.1;4;20.6;91.2;0.25;0
2014;1;6;21;1.4;2.6;19.9;92.8;14.99;0
2014;1;6;22;0.3;194.8;18.8;95.5;29.21;0
2014;1;6;23;0.5;69.7;19.1;95.9;12.45;0
2014;1;7;0;0.8;66.8;18.8;97.1;7.87;0
2014;1;7;1;0.4;108.1;18.7;97.2;5.08;0
2014;1;7;2;1.2;148.5;18.8;97;4.32;0
2014;1;7;3;1;143.9;18.5;97.1;1.52;0
2014;1;7;4;0.8;148.3;18.4;97;1.02;0
2014;1;7;5;0.4;140.2;18.6;96.2;0.25;0
2014;1;7;6;0.5;107.9;18.8;95.5;0;0
2014;1;7;7;0.4;138.5;18.9;94;0;26.8
2014;1;7;8;0.2;103.15;19.8;88.5;0.25;108.5
2014;1;7;9;0.8;67.8;20.7;84.3;0;226.5
2014;1;7;10;1;50.8;21;84.5;0;170.3
2014;1;7;11;0.6;35.3;21.8;79.9;0;235.1
2014;1;7;12;1.3;61.8;22.3;76.8;0;463.5
2014;1;7;13;1;57.6;23.8;70;0;452.5
2014;1;7;14;0.7;62.6;25.3;62.8;0;704.5
2014;1;7;15;0.5;109;26;59.7;0;326.9
2014;1;7;16;1;159.5;26.6;55.3;0;375.9
2014;1;7;17;2;171.1;26.6;51;0;346.4
2014;1;7;18;0.8;175.8;25.7;57;0;50.5
2014;1;7;19;2.1;162.4;24.1;61.1;0;0
2014;1;7;20;1.7;177;23.7;61.2;0;0
2014;1;7;21;0.8;180.7;23.3;62.9;0;0
2014;1;7;22;1.1;168.4;23;64.2;0;0
2014;1;7;23;0.4;190.2;22.6;69.8;0;0
2014;1;8;4;0.8;154.4;19.9;91.6;8.13;0
2014;1;8;5;1.3;153.2;19.5;94;4.83;0
2014;1;8;6;0.7;156.2;19.4;93.6;3.3;0
2014;1;8;7;0.7;160.1;19.5;92.2;1.02;11.4
2014;1;8;8;0.4;131.7;20.2;88.6;0.25;79
2014;1;8;9;0.3;103.3;22.3;78.6;0;406.3
2014;1;8;10;1.1;114.2;24.3;69.2;0;628.4
2014;1;8;11;1;84.2;25.5;63.3;0;674.1
2014;1;8;12;1.6;110.4;25.8;60.8;0;474.5
2014;1;8;13;0.8;99.2;26.6;58;0;593.9
2014;1;8;14;0.3;103.7;27.3;56.3;0;486.3
2014;1;8;15;1.2;164;27;55.4;0;188.9
2014;1;8;16;2.7;171.8;26.8;52.7;0;247.4
2014;1;8;17;3.1;177.5;27.1;52.9;0;324.2
2014;1;8;18;2.8;175.5;25.7;57.7;0;67.6
2014;1;8;19;2.3;180.3;24.9;59.3;0;0
2014;1;8;20;2.3;161.9;24.2;61.5;0;0
2014;1;8;21;2.4;165.5;23.9;62.8;0;0
2014;1;8;22;1.4;166.6;23.6;64.4;0;0
2014;1;8;23;1.4;165.1;23.4;66;0;0
2014;1;9;0;0.6;141.4;22.6;78.3;0;0
2014;1;9;1;0.5;126.3;22.3;80;0;0
2014;1;9;2;0.8;129.1;21.8;82.2;0;0
2014;1;9;3;0.4;125.2;21.8;82.3;0;0
2014;1;9;4;0.9;125.3;21.3;83.9;0;0
2014;1;9;5;0.3;130.5;21.5;80.7;0;0
2014;1;9;6;0.7;135.7;21.5;81.7;0;0
2014;1;9;7;0.4;122.1;21.6;84.6;0;0
2014;1;9;8;1;117.1;21.6;86.2;0;28
2014;1;9;9;1.2;97.5;21.4;86.8;0;101.9
2014;1;9;10;0.6;136.8;21.7;83.2;0;113.6
2014;1;9;11;1;97.4;22.3;81.6;0;184.3
2014;1;9;12;0.7;112.1;23.6;75.3;0;573.4
2014;1;9;13;1.8;116.6;26.3;60.7;0;923.9
2014;1;9;14;1.3;170.7;26.7;56.6;0;487.4
2014;1;9;15;1.9;174.7;26.7;57.3;0;555.5
2014;1;9;16;0.4;266.5;27.5;55.1;0;435.5
2014;1;9;17;0.9;43.5;26.4;59.8;0;141.3
2014;1;9;18;1.4;49.1;25.4;63.6;0;39.7
2014;1;9;19;1.3;82.7;24.3;69.8;0;0
2014;1;9;20;0.8;90.3;24;69;0;0
2014;1;9;21;2.1;160.4;23.9;63.7;0;0
2014;1;9;22;1.7;152.4;23.3;73.7;0;0
2014;1;9;23;1.5;146.3;22.9;75.6;0;0
2014;1;10;0;1;142;22.3;81.5;0;0
2014;1;10;1;1.1;149.7;21.4;86.5;3.56;0
2014;1;10;2;1;153.7;20.5;92;1.52;0
2014;1;10;3;1.1;152.4;20.6;91.7;0.25;0
2014;1;10;4;1.4;155.3;19.9;92.8;13.72;0
2014;1;10;5;0.7;158.6;19.7;92.4;0.51;0
2014;1;10;6;0.4;139.9;20;92.1;1.02;0
2014;1;10;7;0.9;132.5;19.7;94.5;28.7;0
2014;1;10;8;0.5;179.2;19.3;98.4;60.71;11.9
2014;1;10;9;0.9;181.1;19.4;99.5;7.62;76.9
2014;1;10;10;0.9;147.6;20.5;96.8;1.02;259.6
2014;1;10;11;1;128.1;22.5;83.4;0;349.9
2014;1;10;12;0.8;117.4;23.7;74.2;0;479.2
2014;1;10;13;1;81.6;24.6;69.8;0;413.2
2014;1;10;14;1.3;89.9;25.3;66.2;0;609.5
2014;1;10;15;1.2;65;25.6;65.2;0;293
2014;1;10;16;0.1;183.6;26.2;62.7;0;265.4
2014;1;10;17;1.4;71.3;26;64.1;0;172.9
2014;1;10;18;0.5;117.1;25.3;64.2;0;36
2014;1;10;19;1.4;180;24.6;63.9;0;0
2014;1;10;20;2;169.8;24.1;66.4;0;0
2014;1;10;21;1.9;165.6;23.7;67.8;0;0
2014;1;10;22;2.4;166;23.5;69.1;0;0
2014;1;10;23;2.2;164.2;23.4;68.8;0;0
2014;1;11;0;0.9;149.9;22.6;80.9;0;0
2014;1;11;1;0.6;150.6;22.1;83.9;0;0
2014;1;11;2;0.5;155.5;22.2;80;0;0
2014;1;11;3;0.6;153.6;22.1;79.2;0.76;0
2014;1;11;4;0.8;142.3;20.7;90.5;2.03;0
2014;1;11;5;1.2;149.5;20.7;91.9;0;0
2014;1;11;6;1.3;150.1;20.7;91.8;3.81;0
2014;1;11;7;0.8;154.3;20.4;93.7;5.59;5.9
2014;1;11;8;0.3;138.5;20.9;91.8;0;59.8
2014;1;11;9;0.2;110.9;21.9;85.2;0.25;150.3
2014;1;11;10;0.8;83.3;22.9;80.2;0;311.8
2014;1;11;11;1.2;127.9;23.3;78.7;0;247.1
2014;1;11;12;1;120.1;23.7;74.2;0;286.4
2014;1;11;13;0.9;117.1;24.9;66.1;0;428.3
2014;1;11;14;1.2;122.3;26.6;58.7;0;821.1
2014;1;11;15;1.1;119.2;28;50.1;0;604.8
2014;1;11;16;1.3;184.8;28;51.5;0;340.9
2014;1;11;17;1.1;168;27.3;56.3;0;113.9
2014;1;11;18;1.1;66.9;26.8;57.2;0;71.3
2014;1;11;19;1.1;170.5;26.1;61.2;0;0
2014;1;11;20;2.1;167.6;25.1;63.8;0;0
2014;1;11;21;1.5;176.5;24.6;65.2;0;0
2014;1;11;22;1.7;166.6;23.8;66.9;0;0
2014;1;11;23;2.3;156.9;23.5;65.3;0;0
2014;1;12;0;1.6;155.9;23.2;67.9;0;0
2014;1;12;1;1.5;160.2;23;68.7;0;0
2014;1;12;2;0.8;161.2;22.5;69.8;0;0
2014;1;12;3;0.6;160.9;22;74.5;0;0
2014;1;12;4;0.9;152.3;21.6;79.3;0;0
2014;1;12;5;0.4;166.4;21.5;79.9;0;0
2014;1;12;6;0.7;159.7;21.5;77;0;0
2014;1;12;7;0.6;149.25;21.5;75.9;0;13.1
2014;1;12;8;0.4;138.8;21.7;79.5;0;59.1
2014;1;12;9;0;154.7;22.8;76.9;0;206.4
2014;1;12;10;0.7;70;23.6;72.9;0;230.7
2014;1;12;11;1;87.4;24.2;72.2;0;361.7
2014;1;12;12;1.2;97.4;25.7;66.5;0;494.3
2014;1;12;13;1.1;96;26.5;63.3;0;533.8
2014;1;12;14;1;140.5;27.5;59.3;0;641
2014;1;12;15;0.9;76.8;28.3;56.3;0;434
2014;1;12;16;1.5;65.4;27.9;58;0;214.5
2014;1;12;17;0.4;103;27.3;60.2;0;80.4
2014;1;12;18;1.4;172.5;27.1;58.6;0;33.2
2014;1;12;19;1;154.3;26.1;60.7;0;0
2014;1;12;20;1.1;157.8;25.1;66.2;0;0
2014;1;12;21;1.5;166.3;24.5;66.2;0;0
2014;1;12;22;1.4;187.4;23.9;68.1;0;0
2014;1;12;23;0.8;169.4;23.6;69.9;0;0
2014;1;13;0;1.4;159.6;23.3;70.6;0;0
2014;1;13;1;0.3;113.8;22.6;78.4;0;0
2014;1;13;2;0.8;149.6;21.7;84.5;0;0
2014;1;13;3;1.1;148.6;21.5;85.3;0;0
2014;1;13;4;0.9;150.8;21.5;81.9;0;0
2014;1;13;5;0.5;155.2;21.7;80.1;0;0
2014;1;13;6;0.4;124.6;21.8;79.5;0;0
2014;1;13;7;0.7;94;21.5;85.6;0;4.2
2014;1;13;8;0.5;35;21.4;86.7;0;90
2014;1;13;9;0.9;62.8;22.3;81.4;0;183.5
2014;1;13;10;0.5;50;24.4;70.9;0;509.5
2014;1;13;11;0.8;83.4;26.4;59.7;0;646.7
2014;1;13;12;1.2;89.6;28.1;53;0;684
2014;1;13;13;1.3;89.3;28.8;51.4;0;728.7
2014;1;13;14;1.2;105.7;29.2;50.4;0;510.4
2014;1;13;15;0.3;82.8;29.6;48.2;0;360.2
2014;1;13;16;3.1;183.1;29.8;45.5;0;567.4
2014;1;13;17;4.1;175.2;28.8;47.5;0;327.4
2014;1;13;18;3.5;180.5;27.5;51.1;0;102.6
2014;1;13;19;3.4;182.1;26.6;54;0;0
2014;1;13;20;3.7;174.4;25.8;58.1;0;0
2014;1;13;21;1.7;181.1;25.7;58.7;0;0
2014;1;13;22;2.4;155.7;25.1;63.9;0;0
2014;1;13;23;1.9;152.2;23.9;71;0;0
2014;1;14;0;1.1;154.4;24;69.2;0;0
2014;1;14;1;1;156.3;23.7;68.6;0;0
2014;1;14;2;0.9;151;23;73.5;0;0
2014;1;14;3;0.6;81.6;22.5;76.4;0;0
2014;1;14;6;0.4;121.9;21.8;80.2;0;0
2014;1;14;9;1.2;121.2;24.5;70.6;0;385.5
2014;1;14;10;1.1;107.8;25.8;64;0;571.8
2014;1;14;11;1;92.8;27.2;58.4;0;715
2014;1;14;12;1.3;107.7;28.6;53.4;0;700.8
2014;1;14;13;0.8;110.7;29.1;50.9;0;575
2014;1;14;14;0.6;76.8;29.2;50.8;0;332.3
2014;1;14;15;2.7;180.6;29.7;47.8;0;448
2014;1;14;16;4.7;173.3;29.7;46.6;0;523.9
2014;1;14;17;4.1;174.5;29.1;48.1;0;326.6
2014;1;14;18;4.1;178.7;28;50.8;0;157.1
2014;1;14;19;2.9;174.1;27.2;53.6;0;5.7
2014;1;14;20;4.1;171.3;26.6;55.5;0;0
2014;1;14;21;2.5;184.2;26.4;56.6;0;0
2014;1;14;22;2.6;179.2;25.6;61;0;0
2014;1;14;23;1.9;178.5;25.5;61.4;0;0
2014;1;15;0;0.3;65.1;24.2;69.4;0;0
2014;1;15;1;0.6;106.9;24;70;0;0
2014;1;15;2;1;88.3;23;74.1;0;0
2014;1;15;3;1.1;150.5;22.8;77.1;0;0
2014;1;15;4;0.6;143.4;22.5;79.7;0;0
2014;1;15;5;1;134.6;22.4;80;0;0
2014;1;15;6;0.5;125.1;22.4;80.8;0;0
2014;1;15;7;0.8;121.7;22.4;80.3;0;14
2014;1;15;8;0.8;150.8;23;77.1;0;115.8
2014;1;15;9;1.7;144.2;24.5;70.3;0;330.5
2014;1;15;10;2;140.5;26.1;64.4;0;533.2
2014;1;15;11;1.8;138.8;26.7;61.8;0;480.8
2014;1;15;12;1;132.3;27.4;59.4;0;443
2014;1;15;13;0.4;23.3;27.9;57.6;0;297.5
2014;1;15;14;2.5;200.8;29.1;49.1;0;714.1
2014;1;15;15;4.2;183.1;29.4;48.3;0;612.9
2014;1;15;16;3.5;176.9;29.7;46.5;0;497.7
2014;1;15;17;4.3;179.8;28.6;49;0;338.1
2014;1;15;18;5;175.3;26.9;52.1;0;108
2014;1;15;19;5;175.3;26.5;52.2;0;0
2014;1;15;20;3.3;161.5;25.6;59.5;0;0
2014;1;15;21;2.4;148.9;23.9;72.5;0;0
2014;1;15;22;1.5;147.4;22.7;80.9;0;0
2014;1;15;23;0.4;171.6;23.2;78.3;0;0
2014;1;16;0;0.4;184;23.1;75.4;0;0
2014;1;16;1;1.2;171.2;22.7;68.5;0;0
2014;1;16;2;0.5;97.5;22;77.7;0;0
2014;1;16;3;0.7;144.3;20.8;86.7;0;0
2014;1;16;4;0.3;69.7;20.7;86.9;0;0
2014;1;16;5;0.5;169.7;20.9;85.2;0;0
2014;1;16;7;0.7;154.6;21;78;0;23.1
2014;1;16;8;1.1;130.2;22.6;71.4;0;170.2
2014;1;16;9;0.7;105;22.8;76.1;0;205.8
2014;1;16;10;0.7;82.3;23.8;72.6;0;265.2
2014;1;16;11;1.2;57.7;24.1;70.8;0;179.1
2014;1;16;12;0.8;40.6;24.2;71.1;0;377.7
2014;1;16;13;1.3;54.6;26.8;61.2;0;799.5
2014;1;16;14;1.8;48.7;27.9;56;0;499.3
2014;1;16;15;1.1;92.5;29;52.6;0;577.9
2014;1;16;16;0.8;106.9;29.7;50.6;0;374.3
2014;1;16;17;1.6;62.8;28.6;53.7;0;137.7
2014;1;16;18;2;168.8;27.9;52.8;0;38.4
2014;1;16;19;4.1;171.6;26.4;56.3;0;0
2014;1;16;20;3.8;169.2;25.7;58.9;0;0
2014;1;16;21;3.9;166.9;25.3;60.3;0;0
2014;1;16;22;0.4;111.9;24.3;66.8;0;0
2014;1;16;23;0.5;138.75;24.1;66.6;0;0
2014;1;17;0;0.3;165.6;23.7;68.8;0;0
2014;1;17;1;0.6;142.1;22.9;73.5;0;0
2014;1;17;2;1.6;151;22.8;78.4;0;0
2014;1;17;3;0.8;134.2;21.9;78.6;0;0
2014;1;17;4;0.6;148.2;21.9;77.9;0;0
2014;1;17;5;0.9;146.4;22.1;80.6;0;0
2014;1;17;6;0.7;130.9;21.7;81.4;0;0
2014;1;17;7;0.3;192.9;21.8;79.2;0;16
2014;1;17;8;0.8;171.3;22.8;72;0;151.7
2014;1;17;9;1.6;109.5;24.2;68.9;0;246.9
2014;1;17;10;1.2;87.6;23.9;71.2;0;292.1
2014;1;17;11;1.5;138.9;26.2;60.5;0;699.4
2014;1;17;12;1.6;146.6;28;53.2;0;646
2014;1;17;13;1.3;149.1;29.3;49.3;0;600.9
2014;1;17;14;2;189.9;29.4;48.4;0;685.7
2014;1;17;15;1.4;186.6;30.6;44.4;0;710.4
2014;1;17;16;4.1;180;30;45.1;0;520.9
2014;1;17;17;3.8;180.5;29;47;0;280.7
2014;1;17;18;3.1;182.8;27.8;49.1;0;73.9
2014;1;17;19;3;179.1;26.7;53.5;0;0
2014;1;17;20;3.2;177.2;26;55.6;0;0
2014;1;17;21;2.1;183.3;25.6;57.2;0;0
2014;1;17;22;0.7;146.5;24.9;61.6;0;0
2014;1;17;23;1.1;164.6;24.6;62;0;0
2014;1;18;0;0.4;50;23.3;69.8;0;0
2014;1;18;1;0.8;141.8;22.8;73;0;0
2014;1;18;2;0.4;161.5;22.3;74.9;0;0
2014;1;18;3;1.1;157.5;22.2;69.7;0;0
2014;1;18;4;0.4;151.5;22.2;70.5;0;0
2014;1;18;5;1;142.8;21.8;76.8;0;0
2014;1;18;6;0.5;122.3;21.6;78.5;0;0
2014;1;18;7;0.8;114.6;21.4;79.7;0;13.3
2014;1;18;8;0.7;150;22.6;73.7;0;155.6
2014;1;18;9;1.1;147.8;24.5;65.5;0;340.4
2014;1;18;10;0.7;107.4;26.2;58.5;0;545.3
2014;1;18;11;1.1;85.1;27.5;54.7;0;574.4
2014;1;18;12;1.2;94.9;28;55.2;0;378.9
2014;1;18;13;1;108.2;29.5;50.3;0;835.8
2014;1;18;14;1.9;113;30.3;48.3;0;680.4
2014;1;18;15;1.8;129.2;30.6;47.7;0;547.1
2014;1;18;16;0.7;180.8;30;49.1;0;212.9
2014;1;18;17;3.5;176.3;29.7;48.5;0;310.7
2014;1;18;18;4.1;170.8;28.1;52.7;0;84.6
2014;1;18;19;3.7;172.6;26.8;56;0;0
2014;1;18;20;3.8;173.4;26.2;57.5;0;0
2014;1;18;21;1.8;166.4;26;58.4;0;0
2014;1;18;23;2.5;160.8;25;63.4;0;0
2014;1;19;0;1.9;166.7;25.3;60.4;0;0
2014;1;19;1;2.1;154.3;24.9;65.5;0;0
2014;1;19;2;1.5;148.6;24;71.6;0;0
2014;1;19;3;0.7;126.1;23.6;72.7;0;0
2014;1;19;4;0.8;58.4;22.9;76.2;0;0
2014;1;19;5;0.8;141.9;22.9;76.3;0;0
2014;1;19;7;0.6;60.7;22.8;77.7;0;0
2014;1;19;8;1.2;147.7;21.8;87.3;4.83;47.9
2014;1;19;9;0.5;143.5;23.1;84.5;0.25;346.3
2014;1;19;10;0.6;164.1;25.3;72.3;0;426.5
2014;1;19;11;1;88.8;26.6;65.3;0;386.3
2014;1;19;12;1.2;117.9;26.9;63.4;0;391
2014;1;19;13;1;173;27.5;59.5;0;385.9
2014;1;19;14;0.6;150.3;29.1;51.5;0;748
2014;1;19;15;1.6;134.1;29.9;50.2;0;474.6
2014;1;19;16;3.8;172.9;27.6;54.5;0;117.6
2014;1;19;17;4.2;173.8;27;54.3;0;188.4
2014;1;19;18;3.6;178.2;26.4;55.4;0;69.9
2014;1;19;19;4.3;173;25.7;57.3;0;0
2014;1;19;20;3.5;181.6;25.5;58.1;0;0
2014;1;19;21;1.8;203.5;25.2;59.3;0;0
2014;1;19;22;1.4;168.1;25.2;59.5;0;0
2014;1;19;23;2.3;176.6;24.8;61.3;0;0
2014;1;20;0;0.4;222.9;24;68.5;0;0
2014;1;20;1;0.2;56.5;23.2;74;0;0
2014;1;20;2;1.2;154.9;23.1;75.5;0;0
2014;1;20;3;0.6;154.7;22.4;81.6;0.25;0
2014;1;20;4;0.4;173.7;22.5;79.6;0;0
2014;1;20;5;0.2;297.6;22.2;82.6;0;0
2014;1;20;6;0.4;168.5;22.2;83.4;0;0
2014;1;20;7;0.4;169.4;22.4;82.2;0;8
2014;1;20;8;0.1;17.8;22.8;80.8;0;66.1
2014;1;20;9;0.2;169.5;24.1;74.6;0;225.1
2014;1;20;10;1;246.2;24.3;73.7;0;233.4
2014;1;20;11;0.4;118.6;26.4;63.3;0;496.3
2014;1;20;12;1.6;146.7;28.1;54;0;599.1
2014;1;20;13;1.2;127.8;29.7;48.3;0;847.6
2014;1;20;14;1;129.7;30.4;46;0;675
2014;1;20;15;0.5;195.1;30.4;46.4;0;380.1
2014;1;20;16;4.2;181.4;29.7;48.2;0;521.8
2014;1;20;17;4.8;177.3;28.5;51.2;0;312.1
2014;1;20;18;5;176.5;27;56.2;0;78.7
2014;1;20;19;5.8;172.1;25.7;58.7;0;0
2014;1;20;20;4;172.1;25.6;57.6;0;0
2014;1;20;21;3.3;172.2;25.7;57.1;0;0
2014;1;20;22;2.7;156.5;25.3;61.3;0;0
2014;1;20;23;1.9;152.1;24.9;64.7;0;0
2014;1;21;0;1.8;155.9;24.5;64.9;0;0
2014;1;21;1;0.2;139.6;24.1;70.1;0;0
2014;1;21;2;0.2;326.2;23.6;74.5;0;0
2014;1;21;3;0.8;41.4;23.2;76.4;0;0
2014;1;21;4;0.8;120.5;22.8;79;0;0
2014;1;21;5;0.8;126.4;22.5;81.2;0;0
2014;1;21;6;0.6;149;22.6;80.5;0;0
2014;1;21;7;0.7;146.2;22.8;80.2;0;0
2014;1;21;8;1.3;147;23.1;78.6;0;22.7
2014;1;21;9;1.6;148.9;23.1;77.2;0;31.8
2014;1;21;10;1.2;151.3;22.4;79.2;0;105.7
2014;1;21;11;1.1;135.4;23.5;73.6;0;284.2
2014;1;21;12;1;99.2;25.1;64.8;0;329.8
2014;1;21;13;1.3;82.4;25.9;62.9;0;356.2
2014;1;21;14;0.3;138.6;26.8;59.6;0;398.1
2014;1;21;15;0.4;207.2;27;56.9;0;180.6
2014;1;21;16;0.7;73.6;26.6;59.1;0;130.5
2014;1;21;17;2.3;182.5;26.4;56.2;0;161.4
2014;1;21;18;1.2;163.7;26.2;57.2;0;61
2014;1;21;19;0.7;156.3;25.7;61.6;0;9.2
2014;1;21;20;1.9;176.4;24.5;63.4;0;0
2014;1;21;21;2;174.8;24.3;63.2;0;0
2014;1;21;22;1.8;184.7;24.2;63.7;0;0
2014;1;21;23;0.4;71.7;22.4;74.4;0;0
2014;1;22;0;0.1;107.2;22.6;72.8;0;0
2014;1;22;1;1;130.2;22;77;0;0
2014;1;22;2;0.7;102.5;21.5;80.4;0;0
2014;1;22;3;0.6;141.9;21.3;80.6;0;0
2014;1;22;4;1.4;152.1;21.1;84.1;0;0
2014;1;22;5;1.4;152;21.2;85.1;0;0
2014;1;22;6;0.3;111.8;21.5;83.6;0;0
2014;1;22;7;0.8;63.3;21.1;85.6;0;14.7
2014;1;22;8;0.8;148.2;22.2;81.1;0;153.5
2014;1;22;9;0.7;131.4;24.3;69.9;0;353
2014;1;22;10;1.4;134.3;26.1;61.6;0;567.9
2014;1;22;11;1.9;136.4;27.3;57.3;0;615.5
2014;1;22;12;1.5;113.4;28.1;53.2;0;508.7
2014;1;22;13;0.7;161.4;28.7;51.4;0;574.5
2014;1;22;14;1.6;210.9;28.8;48.2;0;284.4
2014;1;22;15;2.9;174.3;30.1;43.3;0;627.2
2014;1;22;16;3.5;177.9;29.3;45.4;0;288
2014;1;22;17;3.2;176.7;28.8;47.8;0;248.6
2014;1;22;18;3.4;179.8;27.3;52;0;71.1
2014;1;22;19;3.8;174.5;26.3;55.1;0;0
2014;1;22;20;3.3;184.2;25.8;57.1;0;0
2014;1;22;21;2.7;184.9;25.6;57.9;0;0
2014;1;22;22;3.2;180.8;25.3;59.2;0;0
2014;1;22;23;0.9;113.2;24.6;64;0;0
2014;1;23;0;1;167;24.3;64;0;0
2014;1;23;1;1.2;149.2;23.8;68;0;0
2014;1;23;2;1.1;137.6;22.6;78.8;0;0
2014;1;23;3;1.5;140.4;22.1;81;0;0
2014;1;23;4;0.4;140.3;21.9;80.9;0;0
2014;1;23;5;1.2;158.2;21.9;77.9;0;0
2014;1;23;6;1.1;166.3;21.8;75.5;0;0
2014;1;23;7;0.2;141.2;22.3;76.7;0;6.1
2014;1;23;8;0.5;114.8;22.8;74.9;0;89.1
2014;1;23;9;0.8;58.7;23.5;72.8;0;148.7
2014;1;23;10;0.6;130.1;24.8;66.7;0;352
2014;1;23;11;1.2;142.6;26.6;59.5;0;721.9
2014;1;23;12;1.5;119;28.7;50.9;0;648.8
2014;1;23;13;1.3;104.1;30.1;46.4;0;883.6
2014;1;23;14;1.2;94.2;30.8;44.2;0;803.6
2014;1;23;15;0.8;100.7;31;44.2;0;414.2
2014;1;23;16;4.4;177.7;30;46.9;0;566.7
2014;1;23;17;4.9;179.2;28.6;50.5;0;366.7
2014;1;23;18;4.6;177.6;27.4;53.4;0;111.4
2014;1;23;19;4.4;178.5;26.6;54.6;0;8.9
2014;1;23;20;2.7;186.8;26.2;56;0;0
2014;1;23;21;1.9;190.7;26;56.3;0;0
2014;1;23;22;1.9;162.1;25.3;59.9;0;0
2014;1;23;23;0.6;190.5;24.7;63.5;0;0
2014;1;24;0;0.7;53;23.3;71.1;0;0
2014;1;24;1;0.1;98.2;23;73.5;0;0
2014;1;24;2;0.7;93.7;22.7;76.1;0;0
2014;1;24;3;0.2;32.9;22.6;75.7;0;0
2014;1;24;4;0.2;139.1;22.8;74.2;0;0
2014;1;24;5;0.8;139.4;22.4;77.5;0;0
2014;1;24;6;0.9;157.9;22.2;78.7;0;0
2014;1;24;7;0.8;153.8;22.3;77.1;0;9.8
2014;1;24;8;1.1;150;22.7;75.7;0;74.7
2014;1;24;9;1.1;143.2;24.1;69.1;0;301.5
2014;1;24;10;1.5;126.4;25.8;64.1;0;568.1
2014;1;24;11;1.3;134.5;27.3;57.5;0;651.9
2014;1;24;12;1.1;85.7;27.9;55.5;0;461.8
2014;1;24;13;1.4;81.8;29.4;50.3;0;662.2
2014;1;24;14;0.1;277.4;29.8;46.9;0;455.6
2014;1;24;15;2.9;183;31.2;40.6;0;779
2014;1;24;16;4.5;177.9;30.3;43.1;0;578.1
2014;1;24;17;4.8;182;28.9;46.6;0;312.9
2014;1;24;18;4.9;177.1;27.7;49.2;0;123.3
2014;1;24;19;5.1;171.1;26.5;53;0;0
2014;1;24;20;4.7;171.7;26.2;54;0;0
2014;1;24;21;3.8;169.8;25.9;55;0;0
2014;1;24;22;3;170;25.4;57.7;0;0
2014;1;24;23;1.8;161;25.1;59.1;0;0
2014;1;25;0;1.5;156.5;24.9;61;0;0
2014;1;25;1;1.8;152.3;24.2;63.4;0;0
2014;1;25;2;1.7;152.5;23.5;68.6;0;0
2014;1;25;3;0.9;165.5;23.3;65.6;0;0
2014;1;25;4;0.9;48.2;22.6;73.1;0;0
2014;1;25;5;0.9;130.2;22.5;75.5;0;0
2014;1;25;6;1.1;150;22.4;73.3;0;0
2014;1;25;7;0.4;162;22.7;71.8;0;10.9
2014;1;25;8;0.8;128.6;23.5;69.3;0;125.8
2014;1;25;9;0.9;137.7;24.6;64.4;0;209.7
2014;1;25;10;1.2;133.6;26.2;58.2;0;549.3
2014;1;25;11;1.4;125.3;27.7;53.5;0;638.5
2014;1;25;12;0.7;85.6;27.4;56.2;0;241.2
2014;1;25;13;1.8;148.7;28.3;53.1;0;777.1
2014;1;25;14;2.4;160.7;29.7;46.8;0;551.3
2014;1;25;15;4.4;182.3;28.5;46.6;0;560.3
2014;1;25;16;3;173.6;29.3;42.5;0;483.1
2014;1;25;17;2.4;168.2;28.3;46.1;0;133.1
2014;1;25;18;2.8;175.4;26.8;52.7;0;45.6
2014;1;25;19;3.1;171.8;25.1;61.4;0;0
2014;1;25;20;2.3;168.8;24.3;65.6;0;0
2014;1;25;21;1.1;159.6;23.5;70.4;0.51;0
2014;1;25;22;2.2;160.2;22.9;71.6;0.51;0
2014;1;25;23;1.2;159.2;22.5;73.8;0.51;0
2014;1;26;0;0.6;59.2;21.3;86.1;0;0
2014;1;26;1;0.4;79.9;21.4;84.8;0.25;0
2014;1;26;2;0.8;141.9;21.6;82.9;0;0
2014;1;26;3;1.7;149;21.4;83.7;0;0
2014;1;26;4;1.6;150.3;21.5;80.8;0;0
2014;1;26;5;1.5;143.3;21;82.7;0;0
2014;1;26;6;1.4;151.1;20.7;84.3;0;0
2014;1;26;7;1.3;157;21.2;80.6;0;4.5
2014;1;26;8;2.1;153.7;20.9;82.2;0;55
2014;1;26;9;1.3;137.1;21.2;82.5;0;144
2014;1;26;10;1.3;147.7;23.1;72;0;423.3
2014;1;26;11;1.3;147.8;25.2;60.8;0;705.5
2014;1;26;12;1.2;140.8;26.4;55.5;0;432
2014;1;26;13;0.2;55.8;26.9;53;0;409.6
2014;1;26;14;0.1;348.8;27.1;51.9;0;384.8
2014;1;26;15;0.3;255.1;27.2;52.5;0;350
2014;1;26;16;3;179.9;26.4;52.9;0;205.9
2014;1;26;17;2.1;175.6;26.5;50.9;0;157.5
2014;1;26;18;1.5;183.4;26;51.7;0;75.9
2014;1;26;19;0.8;173.6;25.2;54.6;0;0
2014;1;26;20;2.8;167.7;24.2;58.2;0;0
2014;1;26;21;2.8;167.2;23.5;61;0;0
2014;1;26;22;2.7;164.9;23.1;60.4;0;0
2014;1;26;23;0.8;193.7;22.6;63.9;0;0
2014;1;27;0;1.6;167.6;22.1;61.8;0;0
2014;1;27;1;1.7;165.6;21.8;62.6;0;0
2014;1;27;2;1.6;161.8;21.6;64.1;0;0
2014;1;27;3;1.1;165.1;21.5;65.4;0;0
2014;1;27;4;1.1;170.2;21;67.9;0;0
2014;1;27;5;1.3;162.1;20.6;67.8;0;0
2014;1;27;6;1.2;175.2;20.6;69.3;0;0
2014;1;27;7;1.3;161.6;20.6;67.8;0;15.5
2014;1;27;8;1.3;162.8;21.4;66;0;68.3
2014;1;27;9;0.6;100.6;22.7;66.4;0;263.5
2014;1;27;10;0.9;114.4;25.2;60;0;572.7
2014;1;27;11;0.9;85.6;26.8;53.9;0;748.7
2014;1;27;12;1.2;94.2;28.2;48.8;0;666.5
2014;1;27;13;1.1;75.2;29.6;44.1;0;818.4
2014;1;27;14;1.1;70;30.1;43.2;0;523.7
2014;1;27;15;0.6;40.5;30;43.4;0;252.1
2014;1;27;16;2.1;191.5;30.5;42.4;0;530.7
2014;1;27;17;3.9;183.9;29.7;43.8;0;362.3
2014;1;27;18;3.9;177;27.7;50.8;0;101.4
2014;1;27;19;4.7;175.6;26;55;0;0
2014;1;27;20;4.2;171.5;25.5;56.7;0;0
2014;1;27;21;1.9;193.6;25.3;57.6;0;0
2014;1;27;22;2.5;172;24.9;59.6;0;0
2014;1;27;23;0.7;141.3;23.8;65.5;0;0
2014;1;28;0;0.8;157.4;23.8;66.9;0;0
2014;1;28;1;1.6;151.8;23.3;69.8;0;0
2014;1;28;2;1.2;146.3;22.7;72.8;0;0
2014;1;28;3;0.9;146.8;22.4;73.6;0;0
2014;1;28;4;1;162.5;22.3;70.4;0;0
2014;1;28;5;1;149.5;22;70.5;0;0
2014;1;28;6;0.5;88.5;21.2;80;0;0
2014;1;28;7;0.3;325.4;21.2;79.1;0;15.4
2014;1;28;8;0.5;53.8;22.1;74.7;0;106.2
2014;1;28;9;1.1;135.5;24.4;64.9;0;349.3
2014;1;28;10;1.5;136.3;25.8;61.2;0;554.6
2014;1;28;11;1.5;139.8;27.4;55.5;0;706.4
2014;1;28;12;1.3;117.1;28.7;50.6;0;613.8
2014;1;28;13;0.5;76.5;29.3;48.4;0;536
2014;1;28;14;0.8;181;30.5;44;0;757
2014;1;28;15;3.4;182.6;30.8;41.7;0;654
2014;1;28;16;4.4;181.8;29.8;45.2;0;491.5
2014;1;28;17;5.3;177.7;28.2;50;0;273.2
2014;1;28;18;5.5;173.7;26.6;55.5;0;52.5
2014;1;28;19;5.4;171.1;25.8;58;0;0
2014;1;28;20;4.1;169.7;25.6;59.1;0;0
2014;1;28;21;3.8;173.4;24.9;61.3;0;0
2014;1;28;22;2.2;171.6;25.3;58.3;0;0
2014;1;28;23;1.4;148.3;24.7;63.6;0;0
2014;1;29;0;1;108.4;23.9;68.8;0;0
2014;1;29;1;0.7;79.9;23.2;72.3;0;0
2014;1;29;2;0.7;108.2;22.6;77.4;0;0
2014;1;29;3;0.7;49.4;22.5;78.1;0;0
2014;1;29;4;0.9;64.8;21.9;82.2;0;0
2014;1;29;5;0.1;68.1;22.1;80.9;0;0
2014;1;29;6;0.9;137.4;22;80.6;0;0
2014;1;29;7;1;144;21.7;83.6;0;11.1
2014;1;29;8;0.2;177.4;22.5;79.7;0;57
2014;1;29;9;0.8;118.5;23.2;76.4;0;72.6
2014;1;29;10;1;110.5;24.1;74.6;0;423.5
2014;1;29;11;1.6;114.3;26.3;61.6;0;713.3
2014;1;29;12;0.8;164;27.4;55.6;0;439.5
2014;1;29;13;0.4;165.5;27.3;54.9;0;301.1
2014;1;29;14;1.1;57.1;28.7;50.5;0;720.5
2014;1;29;15;1.9;167.9;29.2;47.2;0;527.8
2014;1;29;16;3.6;177.8;29.3;45.9;0;544.7
2014;1;29;17;3.8;182.3;28;49;0;247.7
2014;1;29;18;4.8;175.6;26.4;54.2;0;83.3
2014;1;29;19;5.1;174.8;25.3;56.3;0;0
2014;1;29;20;4.7;177.2;25;58.1;0;0
2014;1;29;21;2.1;188.4;25.2;57.6;0;0
2014;1;29;22;2.2;155.5;23.8;69.2;0;0
2014;1;29;23;2;160.1;23.8;68.7;0;0
2014;1;30;0;2.1;157.9;23.1;72.9;0;0
2014;1;30;1;1.8;153.2;22.7;75.2;0;0
2014;1;30;2;1.4;147.8;21.2;87.5;2.29;0
2014;1;30;3;0.9;152.8;20.6;90.8;1.02;0
2014;1;30;4;0.8;151.5;21;88.8;0;0
2014;1;30;5;0.8;148.5;21.1;89.3;0.25;0
2014;1;30;6;1.2;145.6;20.9;88.1;0;0
2014;1;30;7;0.6;121.9;21;86.2;0;0
2014;1;30;8;1.1;145;21;87.6;0;59.6
2014;1;30;9;0.5;105.9;22.1;82.8;0;142.3
2014;1;30;10;1.4;134.2;23.7;74;0;462.2
2014;1;30;11;1.6;139;25.4;65.2;0;631.4
2014;1;30;12;0.4;97.6;26.3;60.9;0;266.5
2014;1;30;13;0.6;105.3;26.9;57.2;0;347.1
2014;1;30;14;1.1;100.2;28.1;51.9;0;453.1
2014;1;30;15;3.5;182.1;26.9;52.2;0;265
2014;1;30;16;2.9;191.9;26.4;52.2;0;191.9
2014;1;30;17;2.6;180.5;26.4;51.3;0;169.6
2014;1;30;18;3.7;169.9;25.6;53.1;0;49.4
2014;1;30;19;2.4;152.4;24.3;63.8;0;0
2014;1;30;20;2.2;148.3;22.6;76.1;0;0
2014;1;30;21;1.2;150.7;22.4;77;0;0
2014;1;30;22;0.1;93.5;22.5;77.6;0;0
2014;1;30;23;0.2;24.1;22.6;77.1;0;0
2014;1;31;0;0.6;53;22.1;80.1;0;0
2014;1;31;1;0.5;127.2;21.7;81.4;0;0
2014;1;31;2;0.3;158;21.6;80.4;0;0
2014;1;31;3;0.6;71;21.7;77.1;0;0
2014;1;31;4;0.6;27.3;20.8;86.5;0;0
2014;1;31;5;0.3;38.7;20.8;85.7;0;0
2014;1;31;6;0.5;179.6;20.7;81.9;0;0
2014;1;31;7;0.4;226.3;20.8;81.2;0;8.7
2014;1;31;8;0.1;44.7;21.2;81;0;50.7
2014;1;31;9;0.6;69.2;22.2;77.1;0;136.7
2014;1;31;10;1;65.6;23.2;73.4;0;238.5
2014;1;31;11;1.4;76.7;23.9;69.6;0;272.8
2014;1;31;12;0.9;100;25.4;62.8;0;581.7
2014;1;31;13;0.8;108.8;27;54.7;0;496.8
2014;1;31;14;0.7;124;27.6;51.4;0;533.6
2014;1;31;15;0.7;225.9;27.8;50.4;0;231.4
2014;1;31;16;2.8;179.6;27.9;49.3;0;392.3
2014;1;31;17;2.9;176.4;27.7;49.9;0;280.7
2014;1;31;18;3.4;172.2;26.5;53.6;0;68
2014;1;31;19;2.4;180.6;25.9;55.1;0;0
2014;1;31;20;3;175.2;25.6;55.9;0;0
2014;1;31;21;2.4;186.7;25.4;56.8;0;0
2014;1;31;22;0.9;168.2;25.1;57.5;0;0
2014;1;31;23;1.7;154;24.6;60.4;0;0
2014;2;1;0;1.9;157;24.4;61.4;0;0
2014;2;1;1;1.1;146.8;23.7;69.1;0;0
2014;2;1;2;0.8;114.6;22.8;73.9;0;0
2014;2;1;3;1;134.4;22.4;75;0;0
2014;2;1;4;0.9;145;22.1;75.1;0;0
2014;2;1;5;0.8;143;22.1;76;0;0
2014;2;1;6;0.9;151;22.2;74.9;0;0
2014;2;1;7;0.9;152.3;22.2;74.6;0;13.8
2014;2;1;8;1.1;132.8;22.5;76;0;127.8
2014;2;1;9;1.3;140.8;23.7;69.9;0;230
2014;2;1;10;1.1;159.4;24.8;64.9;0;490.8
2014;2;1;11;1.5;140.3;27.1;55.8;0;722.6
2014;2;1;12;1.6;132.2;28.5;50.8;0;643.6
2014;2;1;13;1.5;116.7;29.7;47;0;748.6
2014;2;1;14;0.6;183.8;29.8;46.3;0;313.9
2014;2;1;15;3.6;179.3;30.4;43.4;0;799.5
2014;2;1;16;5;178.1;28.9;47.9;0;491
2014;2;1;17;5.6;176.8;27.8;50.1;0;296.7
2014;2;1;18;4.5;179.2;26.9;52.1;0;46.6
2014;2;1;19;4.6;174.3;26.3;54.6;0;0
2014;2;1;20;2.6;191.8;26.4;54.2;0;0
2014;2;1;21;3.3;175.5;26;55.5;0;0
2014;2;1;22;3.2;159.9;25.5;58.1;0;0
2014;2;1;23;1.2;180.8;25;60.8;0;0
2014;2;2;0;2.7;168.2;24.6;62.1;0;0
2014;2;2;1;0.7;171.6;24;66;0;0
2014;2;2;2;0.5;94.1;23.5;70.8;0;0
2014;2;2;3;1.2;129.7;23.2;72.6;0;0
2014;2;2;4;1.4;162.3;23;72.1;0;0
2014;2;2;5;1.5;151.9;21.5;83.4;8.64;0
2014;2;2;6;1.9;155.6;20.9;88.2;0.25;0
2014;2;2;7;0.3;124.4;21.8;83.4;0;10.1
2014;2;2;8;0.6;112.3;21.8;86.2;9.91;44.8
2014;2;2;9;0.5;150.6;20.8;93.5;11.68;71.9
2014;2;2;10;0.9;159.7;22.9;79.9;0;392.7
2014;2;2;11;0.8;156.4;26.1;63.4;0;710.5
2014;2;2;12;1;141.5;28.1;55.5;0;642.4
2014;2;2;13;1.6;172.5;28.2;51.6;0;435.9
2014;2;2;14;3.2;187.6;27.8;51.7;0;311.8
2014;2;2;15;3.4;177.5;28.4;48.8;0;551.5
2014;2;2;16;4.3;178.5;27.2;52.4;0;317.9
2014;2;2;17;4.4;179.1;26.2;55;0;208.3
2014;2;2;18;4.5;172.7;25.7;55.6;0;87.6
2014;2;2;19;3.1;146.9;24.2;66;0;0
2014;2;2;20;1.7;144.5;22.8;73.3;0;0
2014;2;2;21;0.9;141.7;22.3;76.7;0;0
2014;2;2;22;0.2;163.8;22.8;74.3;0;0
2014;2;2;23;0.3;118;23;73.5;0;0
2014;2;3;0;0.3;75;22.8;74.5;0;0
2014;2;3;1;0.5;140.1;21.8;80;0;0
2014;2;3;2;0.9;121;21.3;82.9;0;0
2014;2;3;3;0.7;147.8;20.7;85.3;0;0
2014;2;3;4;0.3;66.2;20.8;84.7;0;0
2014;2;3;5;0.1;158.3;20.9;84;0;0
2014;2;3;6;0.8;174.7;20.9;79.8;0;0
2014;2;3;7;0.2;97.5;21.1;76.5;0;17.7
2014;2;3;8;1;57.9;20.7;85.2;0;93.9
2014;2;3;9;0.4;67.8;21.9;78.6;0;178.5
2014;2;3;10;0.6;109.2;24.1;68.8;0;489.9
2014;2;3;11;1.3;127.1;26.7;57.8;0;649.5
2014;2;3;12;1.8;131.4;27.7;53.6;0;608
2014;2;3;13;1.4;144.6;28.3;51.8;0;513.7
2014;2;3;14;0.7;145.9;29.1;49.2;0;523.6
2014;2;3;15;1.4;190;29.9;46;0;618.6
2014;2;3;16;4.2;180;29.6;44.9;0;534.7
2014;2;3;17;4.2;178.4;28.4;48.2;0;284
2014;2;3;18;3.8;175.7;27.2;51.8;0;96.2
2014;2;3;19;4.4;172.4;26;55.9;0;0
2014;2;3;20;4.1;174.8;25.7;56.8;0;0
2014;2;3;21;1.8;190.1;25.7;56;0;0
2014;2;3;22;1;165.5;24.7;61.8;0;0
2014;2;3;23;0.2;242.3;23.7;67.8;0;0
2014;2;4;0;0.6;150.9;24.1;64.1;0;0
2014;2;4;1;0.8;54.5;22.1;75.3;0;0
2014;2;4;2;0.4;141.6;22.1;76.5;0;0
2014;2;4;3;0.2;51.7;22.7;73.1;0;0
2014;2;4;4;0.5;144.5;22.3;76.7;0;0
2014;2;4;5;0.7;128.7;22;79.2;0;0
2014;2;4;6;0.7;135.7;21.8;80.3;0;0
2014;2;4;7;0.4;92.6;21.9;78.9;0;11.6
2014;2;4;8;0.2;46.3;22.7;75.4;0;106.8
2014;2;4;9;0.4;56.5;23.8;69.3;0;263.8
2014;2;4;10;1.5;145.9;25.5;63.9;0;516.5
2014;2;4;11;2;140.6;27;57.6;0;754.8
2014;2;4;12;1.4;144.2;27.4;56.4;0;406.4
2014;2;4;13;0.9;140.9;28.2;53.1;0;431.8
2014;2;4;14;0.9;187.9;29.1;50.1;0;498.4
2014;2;4;15;3.7;184;30.1;44.1;0;770.3
2014;2;4;16;4.9;188.1;28.4;48.9;0;470.8
2014;2;4;17;4.7;184.4;27.6;51.2;0;216.5
2014;2;4;18;3.3;174.8;26.9;54;0;49.8
2014;2;4;19;2.8;164.4;25.8;58.5;0;0
2014;2;4;20;1.7;187.1;25.6;58;0;0
2014;2;4;21;1.8;155.8;25;61.2;0;0
2014;2;4;22;1.1;177.4;24.5;64.3;0;0
2014;2;4;23;0.4;95.3;23.8;69.1;0;0
2014;2;5;0;1;75.1;22.9;75.8;0;0
2014;2;5;1;0.9;139.2;22.8;74.4;0;0
2014;2;5;2;1.5;157.9;22.9;71.5;0;0
2014;2;5;3;1.3;162.5;23.5;66.7;0;0
2014;2;5;4;1.6;134.9;21.9;81.7;0;0
2014;2;5;5;1.4;143.2;21.2;84.8;0;0
2014;2;5;6;1.5;151.2;21.2;82.9;0;0
2014;2;5;7;0.8;143.1;21.1;82.8;0;9.8
2014;2;5;8;1.3;143;21.8;80.1;0;120.9
2014;2;5;9;1.9;148.4;22.5;75.9;0;144.9
2014;2;5;10;1.8;141;23.4;70.7;0;292.6
2014;2;5;11;1.4;132.8;24.5;66.5;0;398.7
2014;2;5;12;1.8;143.7;25.7;61.8;0;487.5
2014;2;5;13;2.5;151.1;26.7;57.4;0;636.3
2014;2;5;14;2;149;28.4;49.5;0;863.8
2014;2;5;15;1.7;134.7;28.8;48.4;0;474.9
2014;2;5;16;1.1;62;25.9;62.1;0;71.2
2014;2;5;17;3.2;37.9;23.3;72.6;0;118.2
2014;2;5;18;1.9;25.8;22.1;77.1;0;12.1
2014;2;5;19;1.3;34.3;21.5;80.2;0;0
2014;2;5;20;1;139.4;21.4;80.6;0;0
2014;2;5;21;1.5;125.5;20.8;82.7;0;0
2014;2;5;22;0.8;155.6;21.2;79.8;0;0
2014;2;5;23;0.2;173.6;21.4;80;0;0
2014;2;6;0;0.5;134.6;21.3;80.3;0;0
2014;2;6;1;1;110.3;20.3;84.8;0;0
2014;2;6;2;0.5;114.4;19.4;87.9;0;0
2014;2;6;3;0.7;90.9;19.6;87;0;0
2014;2;6;4;0.5;50;19.5;87.6;0;0
2014;2;6;5;0.5;44.5;19.7;86.6;0;0
2014;2;6;6;1;75.1;19.6;87;0;0
2014;2;6;7;0.9;90.9;19.3;87.5;0;7
2014;2;6;8;1;71.8;19.4;86.2;0;64.3
2014;2;6;9;1;66.7;19.5;84.8;0;97.3
2014;2;6;10;0.4;144.6;21.7;75.1;0;405.1
2014;2;6;11;0.8;115.1;23.7;66.3;0;464.9
2014;2;6;12;1.7;67.4;24.1;66;0;387.4
2014;2;6;13;1.3;79.3;25;61.8;0;592.1
2014;2;6;14;1.1;72.7;25.8;58;0;316.6
2014;2;6;15;0.7;96;25.9;57.3;0;332.9
2014;2;6;16;0.3;217.2;26.1;56.8;0;170.7
2014;2;6;17;0.5;179.7;26.2;56.5;0;120.7
2014;2;6;18;0.5;77.8;26.3;57;0;56.5
2014;2;6;19;1;145.2;25.5;60;0;0
2014;2;6;20;1.1;159.7;24.7;63.3;0;0
2014;2;6;21;1.5;171.4;23.9;62.9;0;0
2014;2;6;22;2.3;172;23.1;64.5;0;0
2014;2;6;23;0.8;177.6;22.7;68.1;0;0
2014;2;7;0;0.4;100.8;21.4;77.7;0;0
2014;2;7;1;1.1;148;21.5;76.8;0;0
2014;2;7;2;0.7;155.9;21.2;74.7;0;0
2014;2;7;3;0.9;154.1;20.9;73.6;0;0
2014;2;7;4;0.4;144.4;20.2;82.6;0;0
2014;2;7;5;0.3;160.5;20.3;74.6;0;0
2014;2;7;6;0.1;22;20.4;78.3;0;0
2014;2;7;7;0.4;156.2;20.1;78.7;0;14.2
2014;2;7;8;0.6;161.9;21.1;72.1;0;101.4
2014;2;7;9;0.3;73.7;22.6;70.2;0;270.4
2014;2;7;10;1;126.3;24.3;64.1;0;423.3
2014;2;7;11;1;131.2;26.2;57.7;0;615.7
2014;2;7;12;1.1;147.4;27.4;51.7;0;633.3
2014;2;7;13;1.3;128;28.9;46.9;0;602.5
2014;2;7;14;1.2;98.8;29.5;45.2;0;533.5
2014;2;7;15;0.9;102.7;30.2;43;0;620.7
2014;2;7;16;0.6;119.9;30.3;42.9;0;281.8
2014;2;7;17;3;179;29.2;47.2;0;211.9
2014;2;7;18;4.6;173;27.4;52.1;0;104
2014;2;7;19;4.1;171.3;26.2;54.5;0;5.8
2014;2;7;20;3.9;171.6;25.9;54.6;0;0
2014;2;7;21;2.9;179;25.3;57.6;0;0
2014;2;7;22;1.5;196.6;24.9;58.8;0;0
2014;2;7;23;1.9;159.2;24.5;59.6;0;0
2014;2;8;0;0.4;182.3;23.6;66.5;0;0
2014;2;8;1;0.8;132.3;22.3;75.5;0;0
2014;2;8;2;0.4;137.7;22.5;73.3;0;0
2014;2;8;3;0.7;134.1;21.9;75.7;0;0
2014;2;8;4;0.4;137.8;21.7;76.5;0;0
2014;2;8;5;0.5;113.7;21.6;77;0;0
2014;2;8;6;0.6;132;20.9;80.3;0;0
2014;2;8;7;0.2;140.3;21;80.1;0;11.8
2014;2;8;8;1;152.3;21.6;77.4;0;126
2014;2;8;9;0.9;134.9;23.6;67.1;0;260.7
2014;2;8;10;0.9;128.9;25.2;61.5;0;509.6
2014;2;8;11;1.1;111.1;27;54.5;0;695.7
2014;2;8;12;1.6;102.5;28.4;50.7;0;730.6
2014;2;8;13;0.9;83.4;28.9;49;0;527
2014;2;8;14;0.9;203.4;29.2;47;0;496.2
2014;2;8;15;0.9;166.3;30.3;42.9;0;318.8
2014;2;8;16;4;180.1;29.5;44.4;0;376.4
2014;2;8;17;5.4;178;27.5;50.8;0;205.7
2014;2;8;18;5.2;181.1;26.5;50.5;0;61.2
2014;2;8;19;4.1;174.5;26.4;48.3;0;0
2014;2;8;20;0.6;156.6;26;52.6;0;0
2014;2;8;21;3.2;172.8;25.3;54.5;0;0
2014;2;8;22;2.4;176.8;25.1;55.9;0;0
2014;2;8;23;0.9;127;24.5;62.5;0;0
2014;2;9;0;1.3;136.8;24.2;65.9;0;0
2014;2;9;1;1.4;147.6;23.4;74.4;0;0
2014;2;9;2;1.4;143.3;23;77.9;0;0
2014;2;9;3;1.5;146;22.7;79.5;0;0
2014;2;9;4;0.8;142;22.3;81.1;0;0
2014;2;9;5;0.8;138.6;22.1;80.7;0;0
2014;2;9;6;0.5;138.5;21.8;83.3;0;0
2014;2;9;7;0.7;67.4;21.9;83.2;0;5.5
2014;2;9;8;0.2;68.5;22.5;80.6;0;122.8
2014;2;9;9;0.4;168.5;23.6;74.2;0;203.2
2014;2;9;10;1;145.4;24.8;68.9;0;327.2
2014;2;9;11;1.2;133.6;27.3;57.1;0;726.5
2014;2;9;12;1.1;131.7;27.7;55.2;0;392.2
2014;2;9;13;0.4;113.1;28.5;51.7;0;432.9
2014;2;9;14;0.4;168.4;29.4;47.3;0;667.6
2014;2;9;15;0;102.9;30.8;42.5;0;487.4
2014;2;9;16;3.9;175;29.7;45.4;0;379.6
2014;2;9;17;4.8;180.2;28.8;47.2;0;355.7
2014;2;9;18;4.8;177.7;27;52;0;49.4
2014;2;9;19;5.2;174.5;26.2;54.2;0;0
2014;2;9;20;2.4;184.7;26.2;53.2;0;0
2014;2;9;21;1.6;187.9;26.3;51.2;0;0
2014;2;9;22;2.2;154.7;25.3;61.8;0;0
2014;2;9;23;2.4;151.7;24.7;64;0;0
2014;2;10;0;1.4;151.8;24.4;66.9;0;0
2014;2;10;1;1.2;141.3;23.6;71.2;0;0
2014;2;10;2;0.5;146.3;22.9;74.9;0;0
2014;2;10;3;1.1;153.8;22.6;76.1;0;0
2014;2;10;4;1;182;22.4;70.3;0;0
2014;2;10;5;0.2;63.3;22.7;70.8;0;0
2014;2;10;6;0.8;57;22.4;73.9;0;0
2014;2;10;7;1;134.3;22;75.9;0;9.4
2014;2;10;8;1.1;156.8;22.6;74.2;0;105.7
2014;2;10;9;0.7;130.5;24.9;64.8;0;369.1
2014;2;10;10;0.9;124.7;26.9;56.9;0;559.9
2014;2;10;11;2;118.3;28.1;54.2;0;688.4
2014;2;10;12;1.4;145;28.7;52.4;0;599.7
2014;2;10;13;1;133.9;30;48.5;0;783.7
2014;2;10;14;1.3;131.9;30.8;45.9;0;785.6
2014;2;10;15;0.4;205.5;31;43.9;0;287.5
2014;2;10;16;4;185.9;29.8;46.9;0;453.4
2014;2;10;17;4.4;182.1;28.5;50.3;0;313
2014;2;10;18;3.6;182;27.7;52;0;71.5
2014;2;10;19;5.2;175.6;26.6;55.4;0;0
2014;2;10;20;4.1;186.6;26.1;58.1;0;0
2014;2;10;21;4;172.6;25.8;59.3;0;0
2014;2;10;22;2.8;172.3;25.5;60.8;0;0
2014;2;10;23;1.5;167.6;25;63.1;0;0
2014;2;11;0;1.9;151;24.5;67;0;0
2014;2;11;1;1.5;154.2;23.9;69.7;0;0
2014;2;11;2;0.5;174.5;23.5;69.9;0;0
2014;2;11;3;0.8;147;23;73.3;0;0
2014;2;11;4;0.6;142;22.6;75.7;0;0
2014;2;11;5;0.9;146.7;22.4;77.4;0;0
2014;2;11;6;0.4;76.3;22.4;76.9;0;0
2014;2;11;7;0.4;120.9;22.2;79.2;0;20.8
2014;2;11;8;0.6;70.7;22.9;76.3;0;136.8
2014;2;11;9;0.9;98.3;24.5;68.6;0;200.7
2014;2;11;10;1.4;83.2;24.7;67.7;0;226.1
2014;2;11;11;1;136.8;26.4;61.3;0;508.8
2014;2;11;12;2.4;136.9;27.9;56.4;0;700.2
2014;2;11;13;1.5;137.5;29;52.8;0;778.6
2014;2;11;14;1.6;140.3;30.1;48.9;0;584.5
2014;2;11;15;1.6;172;29.5;49.6;0;356
2014;2;11;16;1.9;149.5;30.1;48.2;0;319.4
2014;2;11;17;2;169.7;29.6;49.8;0;217.4
2014;2;11;18;3.3;176.2;28.3;52.4;0;54.1
2014;2;11;19;3.9;174.1;27;55.7;0;0
2014;2;11;20;3.2;181.8;26;59.7;0;0
2014;2;11;21;2.8;188.5;25.8;59.5;0;0
2014;2;11;22;2;178.5;25.7;58.9;0;0
2014;2;11;23;3.6;164.8;24.5;63.2;0;0
2014;2;12;0;2.2;166.7;23.7;67;0;0
2014;2;12;1;1.4;151.9;22.9;74.1;0;0
2014;2;12;2;2.5;151.6;22.1;76.1;0;0
2014;2;12;3;2.4;152.9;22;74.2;0;0
2014;2;12;4;1.4;149.5;21.9;76.1;0;0
2014;2;12;5;0.7;140.7;21.3;82.1;0;0
2014;2;12;6;0.8;145.9;21.3;81.2;0;0
2014;2;12;7;0.8;155.6;21.4;81.5;0;8.4
2014;2;12;8;0.6;167.5;23.1;71.2;0;153
2014;2;12;9;1.2;132.1;24.8;68.3;0;347.4
2014;2;12;10;1.6;117.3;26.1;62.5;0;575.3
2014;2;12;11;0.8;108.9;27.2;55.9;0;502.6
2014;2;12;12;0.9;79.6;28;53.6;0;611.6
2014;2;12;13;1.2;96.5;29.6;48.3;0;861.3
2014;2;12;14;1.5;107.2;30.7;44.3;0;782.8
2014;2;12;15;0.5;108.7;30.6;44.2;0;348.3
2014;2;12;16;3.9;174.5;30.9;43.2;0;588.2
2014;2;12;17;5.1;175.6;29.5;46.7;0;345.1
2014;2;12;18;5.4;176.6;27.2;53.6;0;71.1
2014;2;12;19;5.2;174.9;26.5;55.9;0;0
2014;2;12;20;3.2;169.9;26.5;56.6;0;0
2014;2;12;21;1.9;168.3;25.7;61.1;0;0
2014;2;12;22;2.5;177.2;25.6;59.3;0;0
2014;2;12;23;2.7;181.2;25.4;60.1;0;0
2014;2;13;0;1;195.8;25;62.9;0;0
2014;2;13;1;2.7;154;24.4;68.9;0;0
2014;2;13;2;2;151.4;23.9;71.2;0;0
2014;2;13;3;1.2;132.9;22.9;78.9;24.89;0
2014;2;13;4;0.8;179.1;20.2;95.3;21.08;0
2014;2;13;5;1.3;163;20.8;91.5;0.76;0
2014;2;13;6;0.8;47.3;21.1;89.8;0.25;0
2014;2;13;7;0.1;198.9;21.1;90.3;0;18.1
2014;2;13;8;0.9;68.7;21.5;89.5;0;121
2014;2;13;9;1;76.5;23.2;80.9;0;391.2
2014;2;13;10;0.4;116.8;24.7;72.6;0;420.2
2014;2;13;11;1.2;122.9;25.6;67.6;0;420.7
2014;2;13;12;1.6;141.5;26.9;61.9;0;540
2014;2;13;13;1.3;201.1;28.3;54.9;0;646.2
2014;2;13;14;1.3;217;27.8;52.9;0;338.5
2014;2;13;15;1.5;206.3;28.6;51.2;0;405.3
2014;2;13;16;3.8;200.1;28.4;50.1;0;403.7
2014;2;13;17;2.4;180.8;27.6;53.3;0;205.8
2014;2;13;18;1.8;84.3;25.1;64.8;0;5.6
2014;2;13;19;1.6;143.6;23.4;72.5;0;0
2014;2;13;20;1.2;150.1;23.4;74.3;0;0
2014;2;13;21;1.9;150.1;22.6;76.8;0.25;0
2014;2;13;22;0.9;152.1;22.6;76.3;0;0
2014;2;13;23;0.9;64.5;21.4;86.8;7.87;0
2014;2;14;0;1;39.1;20.8;92.3;1.52;0
2014;2;14;1;0.3;55.8;20.8;91.2;0;0
2014;2;14;2;0.1;56.3;20.9;89;0;0
2014;2;14;3;0.7;147.9;21;88.9;0;0
2014;2;14;4;1.9;137.7;20.3;90;0.25;0
2014;2;14;5;0.2;106.2;20.4;89.1;0;0
2014;2;14;6;0.8;174;20.6;88.4;0;0
2014;2;14;7;0.8;69.4;20.7;88.7;0;5
2014;2;14;8;0.7;115.8;20.8;88.9;0;70.6
2014;2;14;9;1.2;151;21.5;84.8;0;150.3
2014;2;14;10;0.1;127.2;23;75.6;0;295.4
2014;2;14;11;0.5;40.7;24.7;68.7;0;641.8
2014;2;14;12;1.3;125;26.7;59.3;0;788.5
2014;2;14;13;1.3;94.4;27.9;54.2;0;723.4
2014;2;14;14;0.3;78.8;28.4;52.2;0;498.9
2014;2;14;15;0.7;50.1;28.3;52.6;0;167.1
2014;2;14;16;2;206.8;28.7;48.6;0;531.3
2014;2;14;17;2;196;28.7;46.9;0;265.2
2014;2;14;18;2.6;49.1;27.3;57.2;0;118.8
2014;2;14;19;1.1;53;25.9;63.8;0;0
2014;2;14;20;1.1;145.2;25;65.8;0;0
2014;2;14;21;2.7;162.9;24.6;62.4;0;0
2014;2;14;22;2.7;164.5;24.2;62.2;0;0
2014;2;14;23;2.1;164.5;23.6;64.3;0;0
2014;2;15;0;0.8;125.1;23.2;71;0;0
2014;2;15;1;0.5;122.4;22.2;79.5;0;0
2014;2;15;2;0.6;153;22.1;79.7;0;0
2014;2;15;3;0.6;160.7;22.3;76.4;0;0
2014;2;15;4;0.7;97.9;21.7;79.2;0;0
2014;2;15;5;0.5;158.8;21.5;81.3;0;0
2014;2;15;6;0.6;125.3;21.6;79.8;0;0
2014;2;15;7;0.6;104.3;20.9;84;0;14
2014;2;15;8;0.2;114.2;21.9;79.9;0;179.2
2014;2;15;9;0.9;139.2;23.9;70.5;0;381.9
2014;2;15;10;1.2;124.5;25.7;63;0;539.9
2014;2;15;11;1.2;112.6;27.1;57.4;0;701.3
2014;2;15;12;1.2;107;28.1;54.2;0;657.4
2014;2;15;13;1;65.5;28.4;52.7;0;420.1
2014;2;15;14;0.6;219.2;29.6;47.9;0;735.3
2014;2;15;15;0.3;132.8;30.3;45.8;0;399
2014;2;15;16;4.1;181.1;30.4;43.6;0;661.2
2014;2;15;17;3.8;178.6;29.5;45.5;0;347.8
2014;2;15;18;3.7;182;28.1;49;0;106.6
2014;2;15;19;4.5;175.9;26.8;52.7;0;0
2014;2;15;20;3.9;181.4;26.5;54.3;0;0
2014;2;15;21;3.1;176;25.7;59;0;0
2014;2;15;22;1.4;164.2;25.4;60.8;0;0
2014;2;15;23;2;150;24.8;63.6;0;0
2014;2;16;0;0.1;254.1;24.3;66.8;0;0
2014;2;16;1;0.3;125.6;23.9;69.2;0;0
2014;2;16;2;0.6;129.2;23.6;70.8;0;0
2014;2;16;3;0.5;43.7;22.6;75.9;0;0
2014;2;16;4;0.2;148.1;22.8;74.2;0;0
2014;2;16;5;0.7;52.9;22.3;77;0;0
2014;2;16;6;0.4;187.3;22.2;76.8;0;0
2014;2;16;7;0.4;164.6;22.4;75.8;0;0
2014;2;16;8;1.5;158;22.7;74.8;0;109.1
2014;2;16;9;1.2;133.5;24.6;67.6;0;326
2014;2;16;10;1.5;142.4;26.3;60.9;0;523.8
2014;2;16;11;1.2;126;26.9;58.7;0;439.3
2014;2;16;12;0.7;89.9;28.4;53.7;0;562.8
2014;2;16;13;0.9;87;29.1;50.9;0;677.3
2014;2;16;14;0.9;81.9;30.4;47.1;0;799.7
2014;2;16;15;1;203.6;30.6;46.3;0;461.1
2014;2;16;16;3.8;174.4;29.1;50.9;0;195.2
2014;2;16;17;3.2;178.6;27;57.8;0.51;111.7
2014;2;16;18;1.7;162.8;26.5;57.2;0;8.6
2014;2;16;19;1.9;132.2;24.8;66.1;0;0
2014;2;16;20;1.5;142.8;23.5;71.2;0;0
2014;2;16;21;0.6;124.3;23.7;71;0;0
2014;2;16;22;0.6;133.8;24;68.7;0;0
2014;2;16;23;0.5;23.9;23.5;72.7;0;0
2014;2;17;0;0.7;122.2;23.2;74.8;0;0
2014;2;17;1;0.6;30.2;22.6;78.1;0;0
2014;2;17;2;0.6;46.7;22.3;79.1;0;0
2014;2;17;3;0.4;76.7;22.1;80.1;0;0
2014;2;17;4;0.4;144.5;21.8;82.1;0;0
2014;2;17;5;0.1;40.3;21.9;81.1;0;0
2014;2;17;6;0.7;156.3;22.1;75.7;0;0
2014;2;17;7;0.7;154.1;22.2;77.1;0;6.9
2014;2;17;8;1;145.5;22.3;78.1;0;51.2
2014;2;17;9;1;152.9;23.1;71.9;0;95.2
2014;2;17;10;0.6;153.9;22.2;84.1;16.26;367.6
2014;2;17;11;0.9;140.1;26;64.3;0;713.9
2014;2;17;12;1.8;138;27.9;55.3;0;736.9
2014;2;17;13;0.9;130.9;28.8;50.9;0;572.5
2014;2;17;14;0.4;85.2;29.3;49.7;0;421.3
2014;2;17;15;2.1;188.7;29;49.3;0;436.4
2014;2;17;16;4.1;176.2;28.8;49.8;0;457.9
2014;2;17;17;3.5;166.4;28.7;49.5;0;232.5
2014;2;17;18;1.8;163.2;28.1;52.4;0;84.2
2014;2;17;19;0.7;126.4;27;58.6;0;0
2014;2;17;20;1.3;154.7;26.2;58;0;0
2014;2;17;21;1.1;161.9;25;64;0;0
2014;2;17;22;0.8;159.8;24.8;64.5;0;0
2014;2;17;23;0.8;62.5;23.1;73.5;0;0
2014;2;18;0;0.5;95.9;22.6;75.7;0;0
2014;2;18;1;0.2;79.6;22.4;76.6;0;0
2014;2;18;2;0.6;98.1;22.3;77.3;0;0
2014;2;18;3;0.4;111.8;21.9;78.8;0;0
2014;2;18;4;0.8;86.3;21.5;79.8;0;0
2014;2;18;5;0.5;148.9;21.4;80.6;0;0
2014;2;18;6;0.6;85.3;21.6;79;0;0
2014;2;18;7;0.8;152.9;21.6;79.4;0;20.5
2014;2;18;8;0.7;137.7;22.9;75.5;0;141.1
2014;2;18;9;2.3;149.7;23.8;71.3;0;316.2
2014;2;18;10;1.6;132.3;25.4;65.5;0;550.3
2014;2;18;11;1.6;114.5;26.9;59;0;759.5
2014;2;18;12;1.5;162.7;27.5;55.7;0;478
2014;2;18;13;1.4;178.4;28.8;50.9;0;903.3
2014;2;18;14;2.4;166.3;30.2;44.9;0;709.7
2014;2;18;15;1.4;165.4;25.5;67.2;38.1;124.6
2014;2;18;16;0.8;90.7;22.2;84.4;19.3;45.7
2014;2;18;17;0.5;191.2;24.2;73.7;2.54;35
2014;2;18;18;1.1;135.6;24;79.2;0.76;54.7
2014;2;18;19;0.9;47.2;22.9;82.9;0;0
2014;2;18;20;0.5;145.1;23.2;80.6;0;0
2014;2;18;21;0.6;152.9;23.3;79.3;0;0
2014;2;18;22;0.5;164.6;23.3;76.6;0;0
2014;2;18;23;0.5;65.3;22.6;83.3;0;0
2014;2;19;0;0.6;60.9;22;88;0;0
2014;2;19;1;0.4;94.6;21.6;87.9;0;0
2014;2;19;2;0.3;152.7;21.8;87.2;0;0
2014;2;19;3;1.9;157.5;21.6;86.1;0;0
2014;2;19;4;1.6;158.7;21.2;84.1;0;0
2014;2;19;5;0.7;146.1;21.3;86.8;0;0
2014;2;19;6;0.9;152.9;20.8;90.3;0.25;0
2014;2;19;7;0.6;156.2;20.9;91;0.25;17.7
2014;2;19;8;0.5;105.1;21.5;88.1;0.25;60.3
2014;2;19;9;0.4;135.4;22.2;84.4;0;133.6
2014;2;19;10;0.2;132.2;23.4;77.7;0;277.4
2014;2;19;11;0.9;114;25.5;68;0;691.6
2014;2;19;12;1.4;130.9;27.7;57.6;0;817.3
2014;2;19;13;1.2;153.3;28.4;53.1;0;597.8
2014;2;19;14;1.1;171.3;29.4;48.3;0;841.4
2014;2;19;15;1.4;184.8;29.8;45.6;0;430.5
2014;2;19;16;3.5;178.4;29.7;46.2;0;571.8
2014;2;19;17;4;177.4;28.6;49.8;0;307.3
2014;2;19;18;3.2;176.8;26.8;54.6;0;52.7
2014;2;19;19;2.4;183.7;26.1;55.8;0;0
2014;2;19;20;1.2;196.7;25.8;57.9;0;0
2014;2;19;21;3;164;25.1;61;0;0
2014;2;19;22;2.1;152.3;24.7;66.6;0;0
2014;2;19;23;1.8;148.9;24.2;70;0;0
2014;2;20;0;1.4;145.8;23.6;73.8;0;0
2014;2;20;1;0.2;213.7;23.2;77;0;0
2014;2;20;2;0.8;9.1;22.8;78.6;0;0
2014;2;20;3;1;25.9;22.5;80.8;0;0
2014;2;20;4;0.4;42.1;22.5;80.3;0;0
2014;2;20;5;0.9;91.6;22.1;83.1;0;0
2014;2;20;6;0.5;119.2;21.7;85.3;0;0
2014;2;20;7;0.6;112.1;21.9;84.5;0;22.2
2014;2;20;8;0.6;152.6;22.9;79.5;0;142.5
2014;2;20;9;1.5;140.2;23.6;75.7;0;179.4
2014;2;20;10;0.8;119;24.5;72.9;0;301.4
2014;2;20;11;1.3;107.1;25.4;68.6;0;370.1
2014;2;20;12;1.7;89;26.9;61.2;0;635
2014;2;20;13;1.2;112.3;27.7;56.3;0;471.9
2014;2;20;14;1.1;101.6;27.9;55.2;0;441.9
2014;2;20;15;1.2;78.3;28.4;54.1;0;420.8
2014;2;20;16;1.4;137.8;28.6;53.1;0;274.3
2014;2;20;17;3.3;175.6;28.1;50.9;0;174.1
2014;2;20;18;3.7;173.9;26.8;54;0;67.5
2014;2;20;19;3.9;170.9;25.8;57.4;0;0
2014;2;20;20;2.5;186.4;25.4;59.1;0;0
2014;2;20;21;0.8;202.8;25.4;59.8;0;0
2014;2;20;22;0.6;161.6;25.2;61.8;0;0
2014;2;20;23;0.5;94.1;24.6;65.9;0;0
2014;2;21;0;0.5;88.4;23.9;68.6;0;0
2014;2;21;1;1;132.1;23.3;71.8;0;0
2014;2;21;2;0.5;140.6;22.9;73.9;0;0
2014;2;21;3;1;138.4;22.8;75.9;0;0
2014;2;21;4;0.6;122.9;22.7;75.8;0;0
2014;2;21;5;0.7;111.9;22.4;78.3;0;0
2014;2;21;6;0.8;73.5;22;81.8;0;0
2014;2;21;7;1;76.1;21.8;83.9;0;6.6
2014;2;21;8;0.9;66.7;22;83.5;0;58.7
2014;2;21;9;1.1;82.8;22.4;82.4;0;71.1
2014;2;21;10;1.2;91.9;22.5;83.9;0;95.6
2014;2;21;11;1.1;141.8;22.8;85.2;0.25;323.4
2014;2;21;12;1.2;142.3;25.7;69.4;0;641.4
2014;2;21;13;1.1;176.5;26.5;63.8;0;438.4
2014;2;21;14;1;206.8;26.4;62.4;0;278.5
2014;2;21;15;1.8;204.7;27.2;54.6;0;304.9
2014;2;21;16;1.9;198.2;27.5;51.7;0;265
2014;2;21;17;3.6;159.7;25.2;61.5;0;112.6
2014;2;21;18;2.2;148.4;21.2;82.1;7.11;21.1
2014;2;21;19;1.4;141.5;21.5;81.5;0.25;0
2014;2;21;20;1.3;151.6;21;86.2;0;0
2014;2;21;21;1.3;129.1;21.2;85.7;0;0
2014;2;21;22;0.3;109.2;20.9;87.3;0;0
2014;2;21;23;0.4;58.2;21;85.4;0;0
2014;2;22;0;0.7;97.2;20.5;87;0;0
2014;2;22;1;0.6;32.9;20.4;86.9;0;0
2014;2;22;2;0.5;52.3;20.5;86;0;0
2014;2;22;3;0.1;33.8;20.5;85.4;0;0
2014;2;22;4;0.6;146.5;20.7;85.8;0;0
2014;2;22;5;0.8;141.7;20.2;89.9;0;0
2014;2;22;6;0.5;142.8;20.2;90.7;0;0
2014;2;22;7;0.5;115.5;20.1;91;0;17.2
2014;2;22;8;0.7;110.3;20.4;90.8;0;84.6
2014;2;22;9;0.6;123.7;21.6;86.4;0;258.1
2014;2;22;10;0.9;105.8;24.4;70;0;586.9
2014;2;22;11;1;87.8;26.2;61.7;0;671
2014;2;22;12;1.4;80.7;27;58.9;0;551.2
2014;2;22;13;0.8;106.8;28.2;53.6;0;650.2
2014;2;22;14;0.4;145.7;28.7;52.2;0;502.6
2014;2;22;15;2.2;181.4;29.2;49.1;0;524.6
2014;2;22;16;3.6;175.6;28.7;49.7;0;335.3
2014;2;22;17;3.3;176.8;27.8;51.6;0;191.2
2014;2;22;18;2.4;177.3;27.2;52.3;0;88
2014;2;22;19;2.8;178.7;26.2;55.6;0;0
2014;2;22;20;3.3;168;25.2;60.8;0;0
2014;2;22;21;2;150.4;24.7;66.9;0;0
2014;2;22;22;2.3;147.5;23.3;74.9;0;0
2014;2;22;23;1.6;147.3;23;76.1;0;0
2014;2;23;0;1;155.2;23;76.3;0;0
2014;2;23;1;0.7;150.1;23;75;0;0
2014;2;23;2;0.6;172.2;23.1;74.1;0;0
2014;2;23;3;0.7;78.6;22.6;77.7;0;0
2014;2;23;4;0.6;76.7;21.7;85;0;0
2014;2;23;5;0.8;64.6;21.6;86;0;0
2014;2;23;6;0.7;57.4;21.3;86.9;0;0
2014;2;23;7;0.2;65.4;21.5;86.4;0;9.5
2014;2;23;8;0.1;115.4;22.1;83.4;0;47.4
2014;2;23;9;0.6;118.5;23;76.7;0;94.5
2014;2;23;10;0.6;105.5;24;74.2;0;321.6
2014;2;23;11;0.8;139.7;26.3;62.6;0;729.7
2014;2;23;12;0.8;105.2;28.5;53.3;0;761.1
2014;2;23;13;0.6;173.8;29.3;50.1;0;676.3
2014;2;23;14;0.5;178.6;30.2;46.8;0;769.6
2014;2;23;15;1.4;200.8;30.2;45.6;0;443.2
2014;2;23;16;3.9;179.7;29.9;46.2;0;563.4
2014;2;23;17;3.6;183.5;28.8;48.3;0;243.7
2014;2;23;18;3.3;182.9;27.8;50.3;0;117.9
2014;2;23;19;3.6;173.2;26.8;51.4;0;0
2014;2;23;20;2.4;157.6;26.1;56.8;0;0
2014;2;23;21;1.7;155.5;25;64.6;0;0
2014;2;23;22;2.7;152;22.9;76.6;0;0
2014;2;23;23;2;150.5;23;75.8;0;0
2014;2;24;0;0.3;155;23.3;73.7;0;0
2014;2;24;1;1;81.8;23.1;75.9;0;0
2014;2;24;2;0.8;139;22.2;81.6;0;0
2014;2;24;3;1;139.9;21.9;83.8;0;0
2014;2;24;4;0.6;143.1;21.9;83.2;0;0
2014;2;24;5;0.8;137.6;21.6;85.3;0;0
2014;2;24;6;0.9;115.5;21.4;87;0;0
2014;2;24;7;0.5;152;21.3;88.2;0;7
2014;2;24;8;0.6;94.7;22.3;83.9;0;136.8
2014;2;24;9;0.6;93.2;24.2;74.6;0;358.8
2014;2;24;10;1.1;114.8;25.9;65.4;0;591.6
2014;2;24;11;1.6;135.5;27.5;57.7;0;662.6
2014;2;24;12;0.9;124.3;28.4;54.5;0;542.9
2014;2;24;13;0.7;78.4;28.9;51.3;0;429.9
2014;2;24;14;1.1;112.9;29.6;49.4;0;491.4
2014;2;24;15;0.3;228.3;29.9;47.3;0;162.9
2014;2;24;16;3.4;166.7;27.4;56.8;0;74.4
2014;2;24;17;3.2;164.2;26.5;58.7;0;177.8
2014;2;24;18;3.7;172.3;27.2;54.2;0;75.7
2014;2;24;19;3.6;178.7;26.3;56.7;0;0
2014;2;24;20;1.3;171.9;26;57.6;0;0
2014;2;24;21;1.3;29.3;24.4;69.8;0;0
2014;2;24;22;0.6;47.1;23.8;73;0;0
2014;2;24;23;2.2;154.8;22.4;82.9;9.91;0
2014;2;25;0;0.3;148.9;20.9;93;17.53;0
2014;2;25;1;1.2;155.3;21.3;91.6;4.57;0
2014;2;25;2;0.5;88.9;21.4;90.6;0;0
2014;2;25;3;0.6;153.2;21.1;90;0.25;0
2014;2;25;4;0.4;142.8;21.3;90.4;0;0
2014;2;25;5;0.6;155.3;21.3;91;0;0
2014;2;25;6;0.5;58;21.2;91;0;0
2014;2;25;7;0.7;144.7;21.4;90.3;0;16.6
2014;2;25;8;0.6;141.3;22.6;84.9;0;158.5
2014;2;25;9;1.2;125.6;23.5;79.8;0;186.5
2014;2;25;10;1.4;148.4;24.4;75.1;0;449.2
2014;2;25;11;0.5;88;26.5;65.3;0;772.8
2014;2;25;12;0.6;145.4;26.8;62.3;0;349.6
2014;2;25;13;0.9;128.7;27.6;57.5;0;403.7
2014;2;25;14;1.6;155.2;28;56.2;0;397.8
2014;2;25;15;3.7;176.7;27.3;53.9;0;263.9
2014;2;25;16;1.6;177.4;27.7;51;0;324.6
2014;2;25;17;1.6;146;29.1;48.2;0;411.8
2014;2;25;18;1.6;176.5;28.1;51.5;0;142.4
2014;2;25;19;3.4;174.1;26;56.8;0;0
2014;2;25;20;2.6;172.6;25.9;55.4;0;0
2014;2;25;21;3.4;174;24.9;60.9;0;0
2014;2;25;22;2;183.8;24.9;61.1;0;0
2014;2;25;23;1.2;170.9;24.5;62.6;0;0
2014;2;26;0;2.1;167.1;24.4;62.1;0;0
2014;2;26;1;0.7;149.1;23.6;73.5;0;0
2014;2;26;2;0.4;107.4;23.2;75;0;0
2014;2;26;3;0.4;45.8;23.2;73.3;0;0
2014;2;26;4;0.2;328.5;22.8;75.9;0;0
2014;2;26;5;0.4;199.5;22.2;77.9;0;0
2014;2;26;6;0.4;49.1;22.1;82.8;0;0
2014;2;26;7;0.3;87;21.1;90.8;16.51;26.9
2014;2;26;8;0.4;73.5;21.5;92.3;0.25;101.1
2014;2;26;9;0.8;153;22.6;84;0;155.5
2014;2;26;10;1.1;158.9;23.9;76.5;0;336.2
2014;2;26;11;0.8;120.6;24.8;70.6;0;385.6
2014;2;26;12;1.1;134.9;27.3;59.8;0;833.6
2014;2;26;13;1.1;129;29.1;52.8;0;845.3
2014;2;26;14;1.1;103.2;30.3;47.7;0;697.9
2014;2;26;15;1;76.3;30;48.5;0;311.8
2014;2;26;16;0.7;67.6;30.1;48.9;0;207.4
2014;2;26;17;2.1;171.7;29.9;48.6;0;316.4
2014;2;26;18;3.9;171.7;28.1;53.1;0;122.8
2014;2;26;19;4.6;172;26.6;56.8;0;0
2014;2;26;20;3.4;169.2;26.3;58.1;0;0
2014;2;26;21;2.8;172.1;26.2;59.2;0;0
2014;2;26;22;1.6;178.8;25.6;63.7;0;0
2014;2;26;23;1.9;169.7;25.1;65;0;0
2014;2;27;0;1.8;160.6;25.1;64.8;0;0
2014;2;27;1;1.4;149.8;24.3;71.5;0;0
2014;2;27;2;1.3;149.9;23.9;73.9;0;0
2014;2;27;3;1.2;150.6;24;72.6;0;0
2014;2;27;4;0.5;90.4;23.2;77.4;0;0
2014;2;27;5;0.1;28.8;23;80.8;0;0
2014;2;27;6;0.9;146.4;22.6;84.7;0;0
2014;2;27;7;1;137.8;22.2;86.3;0;8.3
2014;2;27;8;0.9;146.6;22.4;84.5;0;36.3
2014;2;27;9;0.4;123.6;22.7;83.1;0;43.6
2014;2;27;10;1;59.7;23.2;80.3;0;178.1
2014;2;27;11;1.2;68.7;25;69.3;0;459.3
2014;2;27;12;1.3;89.5;26.7;63.2;0;608.7
2014;2;27;13;1.4;68.8;27.5;60.7;0;480
2014;2;27;14;2;186.8;28;55.7;0;625.7
2014;2;27;15;4.2;192;28.1;50.2;0;505.4
2014;2;27;16;2.4;149.1;26.4;59;0;211.7
2014;2;27;17;2.2;108;22.9;74.8;0;31.9
2014;2;27;18;1.2;126.2;19.4;88.7;19.56;0
2014;2;27;19;0.8;117.9;19.5;93.1;8.13;0
2014;2;27;20;1.2;136.6;19.2;93.4;2.79;0
2014;2;27;21;0.1;84.8;19.6;92;0.51;0
2014;2;27;22;0.8;162.9;20;89;0.25;0
2014;2;27;23;0.6;164;20.4;87.6;0;0
2014;2;28;0;0.7;160.3;20.4;86.8;0;0
2014;2;28;1;0.9;130.9;19.9;89.7;0;0
2014;2;28;3;0.3;65.7;19.8;91.6;0;0
2014;2;28;4;0.4;93.2;20;90.8;0;0
2014;2;28;5;0.7;120.7;19.6;92.2;0;0
2014;2;28;6;0.5;108.1;19.6;92.1;0;0
2014;2;28;7;0.9;71.9;19.4;92.3;0;4.7
2014;2;28;8;0.9;70.8;19.4;92.7;0;23.9
2014;2;28;9;0.9;61.9;20.8;86.6;0;346.7
2014;2;28;10;1.3;64.2;22.7;77;0;454.6
2014;2;28;11;1;56.7;24.2;69.6;0;455.7
2014;2;28;12;1.5;71.2;25.5;63.7;0;789.3
2014;2;28;13;1.2;75.6;26.6;58.8;0;586.5
2014;2;28;14;0.9;78.6;27.4;57.3;0;572.1
2014;2;28;15;0.5;106.9;27.9;54.7;0;411.1
2014;2;28;16;0.2;105.1;28.1;54.4;0;216.7
2014;2;28;17;1.9;175.2;25.6;66.9;4.57;45.8
2014;2;28;18;2.8;165.8;23.8;73.4;0.51;19.4
2014;2;28;19;3;173.5;24;65.9;0;0
2014;2;28;20;2.1;179.5;24.6;59.4;0;0
2014;2;28;21;1.4;120.4;22.8;73.4;0.25;0
2014;2;28;22;0.5;125.7;21;86.4;2.03;0
2014;2;28;23;1.1;131;20.8;88.6;1.27;0
2014;3;1;0;1.5;152.1;20.4;91.3;4.06;0
2014;3;1;1;1.4;149.6;20.4;92.4;0.51;0
2014;3;1;2;1.5;147.4;19.8;93.3;0.51;0
2014;3;1;3;1.6;150.8;19.6;93.8;0.25;0
2014;3;1;4;1.1;153;19.6;90.1;0;0
2014;3;1;5;0.5;149.1;19.9;88.9;0.25;0
2014;3;1;6;0.7;111.9;19.9;90.6;0;0
2014;3;1;7;0.3;94.2;19.9;92.1;0;5.7
2014;3;1;8;1;143.1;20;91.6;0;44.8
2014;3;1;9;0.7;138.6;20.5;89.2;0.25;116.3
2014;3;1;10;0.6;116.8;21.3;84.4;0;142.1
2014;3;1;11;0.5;98.3;22.1;79.5;0;245.2
2014;3;1;12;0.7;121.1;23.6;72.8;0;548.6
2014;3;1;13;1.2;127.2;26;62.1;0;930.2
2014;3;1;14;0.7;88.8;27.7;52.9;0;900.8
2014;3;1;15;0.4;309;27.5;54.5;0;450.9
2014;3;1;16;0.8;153.9;27.1;53.2;0;249.1
2014;3;1;17;2.6;169.1;26.3;57.4;0;158.5
2014;3;1;18;2.4;167.3;25.7;57.9;0;51.7
2014;3;1;19;1.3;149.1;24.9;61.9;0;0
2014;3;1;20;0.4;142.2;24;68;0;0
2014;3;1;21;1.1;165.7;23.9;67.4;0;0
2014;3;1;22;1.6;155.6;23.7;65.4;0;0
2014;3;1;23;1.2;175;23.6;65.6;0;0
2014;3;2;0;0.7;172.7;23.2;67.2;0;0
2014;3;2;1;1.1;168.8;22.7;68.9;0;0
2014;3;2;2;0.2;93;22.1;77.7;0;0
2014;3;2;3;0.3;273.2;21.6;81.6;0;0
2014;3;2;4;0.2;34.9;21.4;83.3;0;0
2014;3;2;7;0.9;89.5;21.1;85.3;0;0
2014;3;2;8;0.7;66.4;20.9;85.1;0;30.7
2014;3;2;9;1.2;153.2;21.8;81.8;0;268.9
2014;3;2;10;1.8;146;24.2;70.4;0;566.2
2014;3;2;11;1.6;137.6;25.8;61.6;0;771.6
2014;3;2;12;1.5;114.9;26.8;57.8;0;709.5
2014;3;2;13;0.1;159.3;27;58;0;383.4
2014;3;2;14;1.4;154.3;26;62.2;0;288.6
2014;3;2;15;2.6;208.6;23.6;76.7;12.45;362.1
2014;3;2;16;3.1;183.3;26.3;61;0;445.6
2014;3;2;17;2.8;179.1;25.7;58.3;0;110.5
2014;3;2;18;3.1;182.3;25.1;59.1;0;39.3
2014;3;2;19;3.7;173.4;24.9;59;0;0
2014;3;2;20;1.7;197.7;25;57.8;0;0
2014;3;2;21;2.2;160.8;24.5;60.5;0;0
2014;3;2;22;1.9;154.5;24;65.3;0;0
2014;3;2;23;1.8;155.9;23.2;72;0;0
2014;3;3;0;1.9;158.2;23.2;71;0;0
2014;3;3;1;2;152.5;22.3;79.6;0;0
2014;3;3;2;2.4;152.7;21.9;81;0;0
2014;3;3;3;2.8;152.3;21.5;81.5;0;0
2014;3;3;4;2.2;153.1;21;84.3;0;0
2014;3;3;5;0.7;122;20.3;88.8;27.69;0
2014;3;3;6;0.6;54.6;19.6;95.5;11.94;0
2014;3;3;7;0.2;356.8;19.6;95.8;1.27;7.7
2014;3;3;8;0.6;23;20.1;94.6;0;56.9
2014;3;3;9;0.5;63.6;21.3;86.3;0;135.4
2014;3;3;10;0.4;87.1;22.4;81;0;250
2014;3;3;11;0.6;129.1;24.6;69.4;0;625.9
2014;3;3;12;2.2;172.8;23.8;71.9;0;202.9
2014;3;3;13;1.2;174.6;24;72.3;0;412.8
2014;3;3;14;0.9;137.3;26.7;58.7;0;626.6
2014;3;3;15;1.3;136;27.1;54.4;0;288
2014;3;3;16;2.1;154.7;25.3;66.5;0;240.9
2014;3;3;17;0.5;73.9;23.7;70.5;0;212.6
2014;3;3;18;0.9;277.9;22.4;77.7;0;63.5
2014;3;3;19;0.4;295.1;22.8;73.8;0;0
2014;3;3;20;0.7;67.6;22.5;77.1;0;0
2014;3;3;21;1.3;26.4;21.6;81.9;0;0
2014;3;3;22;0.5;74.9;21;84.5;0;0
2014;3;3;23;1;140.6;20.9;85.1;0;0
2014;3;4;0;0.8;150.4;20.7;86;0;0
2014;3;4;1;1.4;151.2;21;84.9;0;0
2014;3;4;2;1;150.8;20.9;84.8;0;0
2014;3;4;3;0.7;153.5;20.8;85.3;0;0
2014;3;4;4;0.7;150.6;20.9;85.1;0;0
2014;3;4;5;0.9;158.1;20.6;85.8;0;0
2014;3;4;6;1.4;159;20;86.6;0;0
2014;3;4;7;0.6;188.9;20.4;85.8;0;9.4
2014;3;4;8;0.8;31;20.8;87.7;0;71.7
2014;3;4;9;0.2;47.3;22.1;81.1;0;249.6
2014;3;4;10;0.8;58;24.1;69.4;0;402.8
2014;3;4;11;1.1;66.5;25;63.9;0;544.1
2014;3;4;12;1;63.8;25.9;61.9;0;442.8
2014;3;4;13;1;152.5;27.1;55.9;0;614
2014;3;4;14;0.6;156.2;28.5;49.4;0;563.9
2014;3;4;15;0.6;132.9;29;47.7;0;528.5
2014;3;4;16;0.8;195;29.4;46.5;0;386
2014;3;4;17;3.7;176.8;27.8;50.7;0;243.4
2014;3;4;18;3.3;178.2;26.8;52.2;0;96.7
2014;3;4;19;4;175.1;25.5;56.3;0;9.7
2014;3;4;20;3.8;177.3;24.8;58.1;0;0
2014;3;4;21;2.3;187.6;24.6;58.1;0;0
2014;3;4;22;1.3;188.3;24.7;56.8;0;0
2014;3;4;23;1.4;163.8;23.9;60.8;0;0
2014;3;5;0;2.2;163.3;23.5;61.7;0;0
2014;3;5;1;1.7;158.8;23.1;65.9;0;0
2014;3;5;2;0.6;162.6;22.8;67.8;0;0
2014;3;5;3;1.6;157.6;22.7;67.2;0;0
2014;3;5;4;0.9;141.9;22.3;73.1;0;0
2014;3;5;5;0.4;100.1;21.4;81.5;0;0
2014;3;5;6;0.7;140.6;21.3;81.5;0;0
2014;3;5;7;1.2;139.8;21.3;83.3;0;11.5
2014;3;5;8;0.9;142.4;21.6;82.6;0;57.9
2014;3;5;9;1.3;147;22.3;79;0;129.3
2014;3;5;10;1.6;151.2;23.2;72.8;0;241.5
2014;3;5;11;1.4;135.4;24.8;66;0;553.1
2014;3;5;12;0.9;97;25.6;62.9;0;259.4
2014;3;5;13;1.1;164.8;23.8;73;0;68.4
2014;3;5;14;1.7;155.3;23;78.7;0;236.7
2014;3;5;15;1.7;147.9;26.1;63.6;0;391.3
2014;3;5;16;2.3;155.3;26.9;59.7;0;582.7
2014;3;5;17;2.1;153.8;26.8;58.6;0;183
2014;3;5;18;2.3;152.6;25.9;63.1;0;49.8
2014;3;5;19;1.6;158.7;25.2;61.9;0;0
2014;3;5;20;2;176.6;24.7;60.5;0;0
2014;3;5;21;1.4;46.6;24;68.5;0;0
2014;3;5;22;0.9;261.9;22.4;81.5;0;0
2014;3;5;23;0.7;13;21.8;84.6;0;0
2014;3;6;0;0.3;349;21.4;85.1;0;0
2014;3;6;1;0.7;259.65;21.7;83.5;0;0
2014;3;6;2;0.9;170.3;21.1;87.5;22.61;0
2014;3;6;3;0.5;111.8;20.1;94.8;16.76;0
2014;3;6;4;0.5;160.5;20.3;94.3;0;0
2014;3;6;5;0.4;147.3;20.6;92.1;0.25;0
